"UF","Estado","PDF fiscal validado","Resultado observado","Escopo ou proximo passo","Validado em","Integracao local","Evidencia privada"
"AC","Acre","Sim","PDF recuperado pelo histórico após tempo limite; CPF conferido.","Aceito para débitos da SEFAZ, excetuada dívida ativa. Exige complemento próprio para dívida ativa.","2026-09-28","Integrado e validado em localhost:3000","cnd-ac.summary.json"
"AL","Alagoas","Nao","Direct Data: HTTP 200; metadado 2; sem PDF. Portal oficial inspecionado exige hCaptcha.","Pendente. Não houve emissão pelo portal; fluxo autônomo não liberado.","2026-09-28","Nao liberada nesta rodada","cnd-al.summary.json; fiscal-official.private/fallback-summary.json"
"AM","Amazonas","Sim","PDF obtido e CPF conferido.","Aceito dentro do alcance declarado na certidão.","2026-09-28","Integrado e validado em localhost:3000","cnd-am.summary.json"
"AP","Amapá","Sim","PDF obtido e CPF conferido.","Aceito dentro do alcance declarado na certidão.","2026-09-28","Integrado e validado em localhost:3000","cnd-ap.summary.json"
"BA","Bahia","Sim","PDF obtido e CPF conferido.","Aceito dentro do alcance declarado na certidão.","2026-09-28","Integrado e validado em localhost:3000","cnd-ba.summary.json"
"CE","Ceará","Sim","PDF obtido e CPF conferido.","Aceito dentro do alcance declarado na certidão.","2026-09-28","Integrado e validado em localhost:3000","cnd-ce.summary.json"
"DF","Distrito Federal","Nao","HTTP 200; operação sem sucesso, metadado 6; sem PDF.","Pendente. Não interpretar HTTP 200 como emissão.","2026-09-28","Nao liberada nesta rodada","cnd-df.summary.json"
"ES","Espírito Santo","Sim","PDF obtido e CPF conferido.","Aceito dentro do alcance declarado na certidão.","2026-09-28","Integrado e validado em localhost:3000","cnd-es.summary.json"
"GO","Goiás","Sim","PDF de dívida ativa, CPF conferido.","Aceito como consulta de dívida ativa. Não estender automaticamente a outros débitos estaduais.","2026-09-28","Integrado e validado em localhost:3000","cnd-go.summary.json"
"MA","Maranhão","Sim","PDF obtido e CPF conferido.","Aceito dentro do alcance declarado na certidão.","2026-09-28","Integrado e validado em localhost:3000","cnd-ma.summary.json"
"MG","Minas Gerais","Nao","HTTP 503; sem PDF.","Pendente por indisponibilidade nesta tentativa.","2026-09-28","Nao liberada nesta rodada","cnd-mg.summary.json"
"MS","Mato Grosso do Sul","Sim","PDF obtido e CPF conferido.","Aceito dentro do alcance declarado na certidão.","2026-09-28","Integrado e validado em localhost:3000","cnd-ms.summary.json"
"MT","Mato Grosso","Sim","PDF obtido e CPF conferido.","Aceito dentro do alcance declarado na certidão.","2026-09-28","Integrado e validado em localhost:3000","cnd-mt.summary.json"
"PA","Pará","Nao","HTTP 503; sem PDF.","Pendente por indisponibilidade nesta tentativa.","2026-09-28","Nao liberada nesta rodada","cnd-pa.summary.json"
"PB","Paraíba","Sim","PDF obtido e CPF conferido.","Aceito dentro do alcance declarado na certidão.","2026-09-28","Integrado e validado em localhost:3000","cnd-pb.summary.json"
"PE","Pernambuco","Sim","Direct Data: HTTP 503. Portal oficial SEFAZ-PE emitiu PDF fiscal validado para CPF.","Sem tarifa da Direct Data. Não compreende débitos com exigibilidade suspensa; ressalva valores apurados posteriormente.","2026-09-28","Integrado e validado em localhost:3000","fiscal-official.private/pe-collector.summary.json"
"PI","Piauí","Nao","API entregou PDF do Tribunal de Contas.","Excluído da cobertura fiscal. O documento recebido não corresponde à CND fiscal solicitada.","2026-09-28","Nao liberada nesta rodada","cnd-pi.summary.json"
"PR","Paraná","Nao","HTTP 503; sem PDF.","Pendente por indisponibilidade nesta tentativa.","2026-09-28","Nao liberada nesta rodada","cnd-pr.summary.json"
"RJ","Rio de Janeiro","Sim","PDF obtido e CPF conferido.","Aceito com ressalva: a documentação fiscal exige complementar a consulta com a PGE para dívida ativa.","2026-09-28","Integrado e validado em localhost:3000","cnd-rj.summary.json"
"RN","Rio Grande do Norte","Nao","HTTP 200; operação sem sucesso, metadado 6; sem PDF.","Pendente. Não interpretar HTTP 200 como emissão.","2026-09-28","Nao liberada nesta rodada","cnd-rn.summary.json"
"RO","Rondônia","Nao","HTTP 200; retorno estruturado, metadado 2; sem PDF.","Pendente. Recuperar documento oficial ou confirmar o motivo de não emissão.","2026-09-28","Nao liberada nesta rodada","cnd-ro.summary.json"
"RR","Roraima","Sim","PDF obtido e CPF conferido.","Aceito dentro do alcance declarado na certidão.","2026-09-28","Integrado e validado em localhost:3000","cnd-rr.summary.json"
"RS","Rio Grande do Sul","Sim","PDF obtido e CPF conferido.","Aceito dentro do alcance declarado na certidão.","2026-09-28","Integrado e validado em localhost:3000","cnd-rs.summary.json"
"SC","Santa Catarina","Sim","PDF obtido e CPF conferido.","Aceito dentro do alcance declarado na certidão.","2026-09-28","Integrado e validado em localhost:3000","cnd-sc.summary.json"
"SE","Sergipe","Nao","HTTP 503; sem PDF.","Pendente por indisponibilidade nesta tentativa.","2026-09-28","Nao liberada nesta rodada","cnd-se.summary.json"
"SP","São Paulo","Sim","PDF de débitos tributários não inscritos em dívida ativa, CPF conferido.","Aceito apenas para débitos não inscritos. Dívida ativa precisa de consulta complementar.","2026-09-28","Integrado e validado em localhost:3000","cnd-sp.summary.json"
"TO","Tocantins","Sim","PDF de dívida ativa, CPF conferido.","Aceito como consulta de dívida ativa. Não estender automaticamente a outros débitos estaduais.","2026-09-28","Integrado e validado em localhost:3000","cnd-to.summary.json"
