"UF","Estado","Total CPF","Certidões CPF","Comprovantes CPF","Dados sem PDF CPF","Total por CNPJ","Documentos e consultas do vendedor (CPF)","Documentos e consultas por empresa (CNPJ)","Limites e pendências","Validação","Integração","Fontes"
"ES","Espírito Santo","=SUM(D2:F2)","11","0","5","6","TJ: Cível; Criminal; Família; Fiscal; Militar; Falência e recuperação judicial
Trabalhista: CNDT — Débitos trabalhistas; TRT17 — Ações trabalhistas no PJe
Protestos: Protestos nacionais — IEPTB
Fiscal estadual: ES — Débitos com a Fazenda estadual
Justiça Federal: TRF2 — Cível; TRF2 — Criminal
Empresas: Vínculos empresariais por CPF
Crédito: Pendências de crédito — QUOD
Processos: Processos judiciais — visão agrupada; Processos judiciais — consulta detalhada","Trabalhista — empresas: FGTS — Regularidade do empregador; CNDT — Débitos trabalhistas
Fiscal estadual — empresas: ES — Débitos com a Fazenda estadual
Justiça Federal — empresas: TRF2 — Cível; TRF2 — Criminal
Cadastro: CNPJ e QSA (consulta gratuita)","RFB/PGFN e documentos do imóvel pendentes. Quantidade não significa cobertura jurídica completa.","2026-09-28","Integrado localmente; produção pendente","https://docs.google.com/spreadsheets/d/1myQG7FETZWMqPXPcaDNkYYPEWU3KJRRkX0QketehcnY/edit?gid=1989173279#gid=1989173279"
"TO","Tocantins","=SUM(D3:F3)","9","0","5","6","TJ: Cível; Criminal; Falência e recuperação judicial; Fiscal
Trabalhista: CNDT — Débitos trabalhistas; TRT10 — Ações trabalhistas no PJe
Protestos: Protestos nacionais — IEPTB
Fiscal estadual: TO — Débitos inscritos em dívida ativa
Justiça Federal: TRF1 — Cível; TRF1 — Criminal
Empresas: Vínculos empresariais por CPF
Crédito: Pendências de crédito — QUOD
Processos: Processos judiciais — visão agrupada; Processos judiciais — consulta detalhada","Trabalhista — empresas: FGTS — Regularidade do empregador; CNDT — Débitos trabalhistas
Fiscal estadual — empresas: TO — Débitos inscritos em dívida ativa
Justiça Federal — empresas: TRF1 — Cível; TRF1 — Criminal
Cadastro: CNPJ e QSA (consulta gratuita)","Fiscal estadual cobre dívida ativa. RFB/PGFN e documentos do imóvel pendentes. Quantidade não significa cobertura jurídica completa.","2026-09-28","Integrado localmente; produção pendente","https://docs.google.com/spreadsheets/d/1myQG7FETZWMqPXPcaDNkYYPEWU3KJRRkX0QketehcnY/edit?gid=1989173279#gid=1989173279"
"DF","Distrito Federal","=SUM(D4:F4)","8","0","5","5","TJ: Criminal; Cível; Falência e Recuperação Judicial; Especial (Cível e Criminal)
Trabalhista: CNDT — Débitos trabalhistas; TRT10 — Ações trabalhistas no PJe
Protestos: Protestos nacionais — IEPTB
Justiça Federal: TRF1 — Cível; TRF1 — Criminal
Empresas: Vínculos empresariais por CPF
Crédito: Pendências de crédito — QUOD
Processos: Processos judiciais — visão agrupada; Processos judiciais — consulta detalhada","Trabalhista — empresas: FGTS — Regularidade do empregador; CNDT — Débitos trabalhistas
Justiça Federal — empresas: TRF1 — Cível; TRF1 — Criminal
Cadastro: CNPJ e QSA (consulta gratuita)","Certidão fiscal estadual CPF pendente. RFB/PGFN e documentos do imóvel pendentes. Quantidade não significa cobertura jurídica completa.","2026-09-28","Integrado localmente; produção pendente","https://docs.google.com/spreadsheets/d/1myQG7FETZWMqPXPcaDNkYYPEWU3KJRRkX0QketehcnY/edit?gid=1989173279#gid=1989173279"
"GO","Goiás","=SUM(D5:F5)","7","1","5","6","TJ: Cível; Criminal
Trabalhista: CNDT — Débitos trabalhistas
Protestos: Protestos nacionais — IEPTB
Fiscal estadual: GO — Débitos inscritos em dívida ativa; GO — Consulta ao CADIN
Justiça Federal: TRF1 — Cível; TRF1 — Criminal
Empresas: Vínculos empresariais por CPF
Crédito: Pendências de crédito — QUOD
Processos: Processos judiciais — visão agrupada; Processos judiciais — consulta detalhada
Fiscal municipal: Goiânia-GO — Débitos municipais","Trabalhista — empresas: FGTS — Regularidade do empregador; CNDT — Débitos trabalhistas
Fiscal estadual — empresas: GO — Débitos inscritos em dívida ativa
Justiça Federal — empresas: TRF1 — Cível; TRF1 — Criminal
Cadastro: CNPJ e QSA (consulta gratuita)","Certidão TRT pendente. Municipais somente: Goiânia-GO (CPF). Não representam todos os municípios nem quitação do imóvel. Fiscal estadual cobre dívida ativa. RFB/PGFN e documentos do imóvel pendentes. Quantidade não significa cobertura jurídica completa.","2026-09-28","Integrado localmente; produção pendente","https://docs.google.com/spreadsheets/d/1myQG7FETZWMqPXPcaDNkYYPEWU3KJRRkX0QketehcnY/edit?gid=1989173279#gid=1989173279"
"PE","Pernambuco","=SUM(D6:F6)","8","0","5","5","TJ: Cível; Criminal; Judicial para fins eleitorais
Trabalhista: CNDT — Débitos trabalhistas; TRT6 — Ações trabalhistas no PJe
Protestos: Protestos nacionais — IEPTB
Justiça Federal: TRF5 — Cível; TRF5 — Criminal
Empresas: Vínculos empresariais por CPF
Crédito: Pendências de crédito — QUOD
Processos: Processos judiciais — visão agrupada; Processos judiciais — consulta detalhada
Fiscal estadual: PE — Regularidade fiscal — portal SEFAZ","Trabalhista — empresas: FGTS — Regularidade do empregador; CNDT — Débitos trabalhistas
Justiça Federal — empresas: TRF5 — Cível; TRF5 — Criminal
Cadastro: CNPJ e QSA (consulta gratuita)","Fiscal oficial somente CPF; exclui exigibilidade suspensa. Falência estadual pendente. RFB/PGFN e documentos do imóvel pendentes. Quantidade não significa cobertura jurídica completa.","2026-09-28","Integrado localmente; produção pendente","https://docs.google.com/spreadsheets/d/1myQG7FETZWMqPXPcaDNkYYPEWU3KJRRkX0QketehcnY/edit?gid=1989173279#gid=1989173279"
"RR","Roraima","=SUM(D7:F7)","8","0","5","6","TJ: Criminal; Militar; Concordata e Falências
Trabalhista: CNDT — Débitos trabalhistas; TRT11 — Ações trabalhistas no PJe
Protestos: Protestos nacionais — IEPTB
Fiscal estadual: RR — Obrigações e débitos tributários
Justiça Federal: TRF1 — Cível; TRF1 — Criminal
Empresas: Vínculos empresariais por CPF
Crédito: Pendências de crédito — QUOD
Processos: Processos judiciais — visão agrupada; Processos judiciais — consulta detalhada","Trabalhista — empresas: FGTS — Regularidade do empregador; CNDT — Débitos trabalhistas
Fiscal estadual — empresas: RR — Obrigações e débitos tributários
Justiça Federal — empresas: TRF1 — Cível; TRF1 — Criminal
Cadastro: CNPJ e QSA (consulta gratuita)","TJ sem cível comum; há criminal, militar e falências. RFB/PGFN e documentos do imóvel pendentes. Quantidade não significa cobertura jurídica completa.","2026-09-28","Integrado localmente; produção pendente","https://docs.google.com/spreadsheets/d/1myQG7FETZWMqPXPcaDNkYYPEWU3KJRRkX0QketehcnY/edit?gid=1989173279#gid=1989173279"
"SP","São Paulo","=SUM(D8:F8)","7","1","5","6","Trabalhista: CNDT — Débitos trabalhistas; TRT2 — Ações trabalhistas no PJe; TRT15 — Ações trabalhistas no PJe; TRT2 — Ações trabalhistas em processos físicos
Protestos: Protestos nacionais — IEPTB
Fiscal estadual: SP — Débitos tributários não inscritos em dívida ativa; SP — Consulta ao CADIN
Justiça Federal: TRF3 — Cível; TRF3 — Criminal
Empresas: Vínculos empresariais por CPF
Crédito: Pendências de crédito — QUOD
Processos: Processos judiciais — visão agrupada; Processos judiciais — consulta detalhada","Trabalhista — empresas: FGTS — Regularidade do empregador; CNDT — Débitos trabalhistas
Justiça Federal — empresas: TRF3 — Cível; TRF3 — Criminal
Fiscal municipal — empresas: São Paulo-SP — Tributos mobiliários
Cadastro: CNPJ e QSA (consulta gratuita)","TJ estadual ainda sem emissão validada. Municipais somente: São Paulo-SP (CNPJ). Não representam todos os municípios nem quitação do imóvel. Fiscal CPF cobre débitos não inscritos; PGE e fiscal estadual CNPJ pendentes. TRT2 e TRT15 atendem áreas diferentes. RFB/PGFN e documentos do imóvel pendentes. Quantidade não significa cobertura jurídica completa.","2026-09-28","Integrado localmente; produção pendente","https://docs.google.com/spreadsheets/d/1myQG7FETZWMqPXPcaDNkYYPEWU3KJRRkX0QketehcnY/edit?gid=1989173279#gid=1989173279"
"AP","Amapá","=SUM(D9:F9)","7","0","5","6","TJ: Cível; Criminal
Trabalhista: CNDT — Débitos trabalhistas; TRT8 — Ações trabalhistas no PJe
Protestos: Protestos nacionais — IEPTB
Fiscal estadual: AP — Tributos estaduais e dívida ativa
Justiça Federal: TRF1 — Cível; TRF1 — Criminal
Empresas: Vínculos empresariais por CPF
Crédito: Pendências de crédito — QUOD
Processos: Processos judiciais — visão agrupada; Processos judiciais — consulta detalhada","Trabalhista — empresas: FGTS — Regularidade do empregador; CNDT — Débitos trabalhistas
Fiscal estadual — empresas: AP — Tributos estaduais e dívida ativa
Justiça Federal — empresas: TRF1 — Cível; TRF1 — Criminal
Cadastro: CNPJ e QSA (consulta gratuita)","Falência estadual pendente. RFB/PGFN e documentos do imóvel pendentes. Quantidade não significa cobertura jurídica completa.","2026-09-28","Integrado localmente; produção pendente","https://docs.google.com/spreadsheets/d/1myQG7FETZWMqPXPcaDNkYYPEWU3KJRRkX0QketehcnY/edit?gid=1989173279#gid=1989173279"
"PA","Pará","=SUM(D10:F10)","6","0","6","5","TJ: Cível; Criminal
Trabalhista: CNDT — Débitos trabalhistas; TRT8 — Ações trabalhistas no PJe
Protestos: Protestos nacionais — IEPTB
Justiça Federal: TRF1 — Cível; TRF1 — Criminal
Empresas: Vínculos empresariais por CPF
Crédito: Pendências de crédito — QUOD
Processos: Processos judiciais — visão agrupada; Processos judiciais — consulta detalhada
Fiscal estadual: PA — Consulta estruturada ao CADIN","Trabalhista — empresas: FGTS — Regularidade do empregador; CNDT — Débitos trabalhistas
Justiça Federal — empresas: TRF1 — Cível; TRF1 — Criminal
Cadastro: CNPJ e QSA (consulta gratuita)","Certidão fiscal estadual CPF pendente. RFB/PGFN e documentos do imóvel pendentes. Quantidade não significa cobertura jurídica completa.","2026-09-28","Integrado localmente; produção pendente","https://docs.google.com/spreadsheets/d/1myQG7FETZWMqPXPcaDNkYYPEWU3KJRRkX0QketehcnY/edit?gid=1989173279#gid=1989173279"
"PI","Piauí","=SUM(D11:F11)","7","0","5","5","TJ: Cível; Criminal; Judicial para fins eleitorais
Trabalhista: CNDT — Débitos trabalhistas; TRT22 — Ações trabalhistas no PJe
Protestos: Protestos nacionais — IEPTB
Justiça Federal: TRF1 — Cível; TRF1 — Criminal
Empresas: Vínculos empresariais por CPF
Crédito: Pendências de crédito — QUOD
Processos: Processos judiciais — visão agrupada; Processos judiciais — consulta detalhada","Trabalhista — empresas: FGTS — Regularidade do empregador; CNDT — Débitos trabalhistas
Justiça Federal — empresas: TRF1 — Cível; TRF1 — Criminal
Cadastro: CNPJ e QSA (consulta gratuita)","Certidão fiscal estadual CPF pendente. RFB/PGFN e documentos do imóvel pendentes. Quantidade não significa cobertura jurídica completa.","2026-09-28","Integrado localmente; produção pendente","https://docs.google.com/spreadsheets/d/1myQG7FETZWMqPXPcaDNkYYPEWU3KJRRkX0QketehcnY/edit?gid=1989173279#gid=1989173279"
"RS","Rio Grande do Sul","=SUM(D12:F12)","6","1","5","6","TJ: Alvará de folha corrida
Trabalhista: CNDT — Débitos trabalhistas; TRT4 — Ações trabalhistas no PJe
Protestos: Protestos nacionais — IEPTB
Fiscal estadual: RS — Situação fiscal estadual; RS — Consulta ao CADIN
Justiça Federal: TRF4 — Cível; TRF4 — Criminal
Empresas: Vínculos empresariais por CPF
Crédito: Pendências de crédito — QUOD
Processos: Processos judiciais — visão agrupada; Processos judiciais — consulta detalhada","Trabalhista — empresas: FGTS — Regularidade do empregador; CNDT — Débitos trabalhistas
Justiça Federal — empresas: TRF4 — Cível; TRF4 — Criminal
Fiscal estadual — empresas: RS — Situação fiscal estadual
Cadastro: CNPJ e QSA (consulta gratuita)","TJ limitado ao alvará de folha corrida. RFB/PGFN e documentos do imóvel pendentes. Quantidade não significa cobertura jurídica completa.","2026-09-28","Integrado localmente; produção pendente","https://docs.google.com/spreadsheets/d/1myQG7FETZWMqPXPcaDNkYYPEWU3KJRRkX0QketehcnY/edit?gid=1989173279#gid=1989173279"
"CE","Ceará","=SUM(D13:F13)","6","0","5","6","Trabalhista: CNDT — Débitos trabalhistas; TRT7 — Ações trabalhistas no PJe; TRT7 — Ações trabalhistas em processos físicos
Protestos: Protestos nacionais — IEPTB
Fiscal estadual: CE — Débitos estaduais — CADINE
Justiça Federal: TRF5 — Cível; TRF5 — Criminal
Empresas: Vínculos empresariais por CPF
Crédito: Pendências de crédito — QUOD
Processos: Processos judiciais — visão agrupada; Processos judiciais — consulta detalhada","Trabalhista — empresas: FGTS — Regularidade do empregador; CNDT — Débitos trabalhistas
Fiscal estadual — empresas: CE — Débitos estaduais — CADINE
Justiça Federal — empresas: TRF5 — Cível; TRF5 — Criminal
Cadastro: CNPJ e QSA (consulta gratuita)","TJ estadual ainda sem emissão validada. RFB/PGFN e documentos do imóvel pendentes. Quantidade não significa cobertura jurídica completa.","2026-09-28","Integrado localmente; produção pendente","https://docs.google.com/spreadsheets/d/1myQG7FETZWMqPXPcaDNkYYPEWU3KJRRkX0QketehcnY/edit?gid=1989173279#gid=1989173279"
"AC","Acre","=SUM(D14:F14)","5","0","5","6","Trabalhista: CNDT — Débitos trabalhistas; TRT14 — Ações trabalhistas no PJe
Protestos: Protestos nacionais — IEPTB
Fiscal estadual: AC — Débitos estaduais — SEFAZ
Justiça Federal: TRF1 — Cível; TRF1 — Criminal
Empresas: Vínculos empresariais por CPF
Crédito: Pendências de crédito — QUOD
Processos: Processos judiciais — visão agrupada; Processos judiciais — consulta detalhada","Trabalhista — empresas: FGTS — Regularidade do empregador; CNDT — Débitos trabalhistas
Fiscal estadual — empresas: AC — Débitos estaduais — SEFAZ
Justiça Federal — empresas: TRF1 — Cível; TRF1 — Criminal
Cadastro: CNPJ e QSA (consulta gratuita)","TJ estadual ainda sem emissão validada. Fiscal exclui dívida ativa. RFB/PGFN e documentos do imóvel pendentes. Quantidade não significa cobertura jurídica completa.","2026-09-28","Integrado localmente; produção pendente","https://docs.google.com/spreadsheets/d/1myQG7FETZWMqPXPcaDNkYYPEWU3KJRRkX0QketehcnY/edit?gid=1989173279#gid=1989173279"
"AM","Amazonas","=SUM(D15:F15)","5","0","5","6","Trabalhista: CNDT — Débitos trabalhistas; TRT11 — Ações trabalhistas no PJe
Protestos: Protestos nacionais — IEPTB
Fiscal estadual: AM — Débitos estaduais — SEFAZ e PGE
Justiça Federal: TRF1 — Cível; TRF1 — Criminal
Empresas: Vínculos empresariais por CPF
Crédito: Pendências de crédito — QUOD
Processos: Processos judiciais — visão agrupada; Processos judiciais — consulta detalhada","Trabalhista — empresas: FGTS — Regularidade do empregador; CNDT — Débitos trabalhistas
Fiscal estadual — empresas: AM — Débitos estaduais — SEFAZ e PGE
Justiça Federal — empresas: TRF1 — Cível; TRF1 — Criminal
Cadastro: CNPJ e QSA (consulta gratuita)","TJ estadual ainda sem emissão validada. RFB/PGFN e documentos do imóvel pendentes. Quantidade não significa cobertura jurídica completa.","2026-09-28","Integrado localmente; produção pendente","https://docs.google.com/spreadsheets/d/1myQG7FETZWMqPXPcaDNkYYPEWU3KJRRkX0QketehcnY/edit?gid=1989173279#gid=1989173279"
"BA","Bahia","=SUM(D16:F16)","5","0","5","6","Trabalhista: CNDT — Débitos trabalhistas; TRT5 — Ações trabalhistas no PJe
Protestos: Protestos nacionais — IEPTB
Fiscal estadual: BA — Débitos tributários estaduais
Justiça Federal: TRF1 — Cível; TRF1 — Criminal
Empresas: Vínculos empresariais por CPF
Crédito: Pendências de crédito — QUOD
Processos: Processos judiciais — visão agrupada; Processos judiciais — consulta detalhada","Trabalhista — empresas: FGTS — Regularidade do empregador; CNDT — Débitos trabalhistas
Fiscal estadual — empresas: BA — Débitos tributários estaduais
Justiça Federal — empresas: TRF1 — Cível; TRF1 — Criminal
Cadastro: CNPJ e QSA (consulta gratuita)","TJ estadual ainda sem emissão validada. RFB/PGFN e documentos do imóvel pendentes. Quantidade não significa cobertura jurídica completa.","2026-09-28","Integrado localmente; produção pendente","https://docs.google.com/spreadsheets/d/1myQG7FETZWMqPXPcaDNkYYPEWU3KJRRkX0QketehcnY/edit?gid=1989173279#gid=1989173279"
"MA","Maranhão","=SUM(D17:F17)","5","0","5","6","Trabalhista: CNDT — Débitos trabalhistas; TRT16 — Ações trabalhistas no PJe
Protestos: Protestos nacionais — IEPTB
Fiscal estadual: MA — Débitos tributários estaduais
Justiça Federal: TRF1 — Cível; TRF1 — Criminal
Empresas: Vínculos empresariais por CPF
Crédito: Pendências de crédito — QUOD
Processos: Processos judiciais — visão agrupada; Processos judiciais — consulta detalhada","Trabalhista — empresas: FGTS — Regularidade do empregador; CNDT — Débitos trabalhistas
Justiça Federal — empresas: TRF1 — Cível; TRF1 — Criminal
Fiscal estadual — empresas: MA — Débitos tributários estaduais
Cadastro: CNPJ e QSA (consulta gratuita)","TJ estadual ainda sem emissão validada. RFB/PGFN e documentos do imóvel pendentes. Quantidade não significa cobertura jurídica completa.","2026-09-28","Integrado localmente; produção pendente","https://docs.google.com/spreadsheets/d/1myQG7FETZWMqPXPcaDNkYYPEWU3KJRRkX0QketehcnY/edit?gid=1989173279#gid=1989173279"
"MG","Minas Gerais","=SUM(D18:F18)","4","0","6","5","Trabalhista: CNDT — Débitos trabalhistas; TRT3 — Ações trabalhistas no PJe
Protestos: Protestos nacionais — IEPTB
Justiça Federal: TRF6 — Cível; TRF6 — Criminal
Empresas: Vínculos empresariais por CPF
Crédito: Pendências de crédito — QUOD
Processos: Processos judiciais — visão agrupada; Processos judiciais — consulta detalhada
Fiscal estadual: MG — Consulta estruturada ao CADIN","Trabalhista — empresas: FGTS — Regularidade do empregador; CNDT — Débitos trabalhistas
Justiça Federal — empresas: TRF6 — Cível; TRF6 — Criminal
Cadastro: CNPJ e QSA (consulta gratuita)","TJ estadual ainda sem emissão validada. Certidão fiscal estadual CPF pendente. TRF6 não cobre todos os sistemas; conferir eproc e acervo residual TRF1. RFB/PGFN e documentos do imóvel pendentes. Quantidade não significa cobertura jurídica completa.","2026-09-28","Integrado localmente; produção pendente","https://docs.google.com/spreadsheets/d/1myQG7FETZWMqPXPcaDNkYYPEWU3KJRRkX0QketehcnY/edit?gid=1989173279#gid=1989173279"
"MS","Mato Grosso do Sul","=SUM(D19:F19)","5","0","5","6","Trabalhista: CNDT — Débitos trabalhistas; TRT24 — Ações trabalhistas no PJe
Protestos: Protestos nacionais — IEPTB
Fiscal estadual: MS — Créditos tributários e não tributários
Justiça Federal: TRF3 — Cível; TRF3 — Criminal
Empresas: Vínculos empresariais por CPF
Crédito: Pendências de crédito — QUOD
Processos: Processos judiciais — visão agrupada; Processos judiciais — consulta detalhada","Trabalhista — empresas: FGTS — Regularidade do empregador; CNDT — Débitos trabalhistas
Fiscal estadual — empresas: MS — Créditos tributários e não tributários
Justiça Federal — empresas: TRF3 — Cível; TRF3 — Criminal
Cadastro: CNPJ e QSA (consulta gratuita)","TJ estadual ainda sem emissão validada. RFB/PGFN e documentos do imóvel pendentes. Quantidade não significa cobertura jurídica completa.","2026-09-28","Integrado localmente; produção pendente","https://docs.google.com/spreadsheets/d/1myQG7FETZWMqPXPcaDNkYYPEWU3KJRRkX0QketehcnY/edit?gid=1989173279#gid=1989173279"
"MT","Mato Grosso","=SUM(D20:F20)","5","0","5","6","Trabalhista: CNDT — Débitos trabalhistas; TRT23 — Ações trabalhistas no PJe
Protestos: Protestos nacionais — IEPTB
Fiscal estadual: MT — Débitos estaduais — SEFAZ e PGE
Justiça Federal: TRF1 — Cível; TRF1 — Criminal
Empresas: Vínculos empresariais por CPF
Crédito: Pendências de crédito — QUOD
Processos: Processos judiciais — visão agrupada; Processos judiciais — consulta detalhada","Trabalhista — empresas: FGTS — Regularidade do empregador; CNDT — Débitos trabalhistas
Fiscal estadual — empresas: MT — Débitos estaduais — SEFAZ e PGE
Justiça Federal — empresas: TRF1 — Cível; TRF1 — Criminal
Cadastro: CNPJ e QSA (consulta gratuita)","TJ estadual ainda sem emissão validada. RFB/PGFN e documentos do imóvel pendentes. Quantidade não significa cobertura jurídica completa.","2026-09-28","Integrado localmente; produção pendente","https://docs.google.com/spreadsheets/d/1myQG7FETZWMqPXPcaDNkYYPEWU3KJRRkX0QketehcnY/edit?gid=1989173279#gid=1989173279"
"PB","Paraíba","=SUM(D21:F21)","5","0","5","6","Trabalhista: CNDT — Débitos trabalhistas; TRT13 — Ações trabalhistas no PJe
Protestos: Protestos nacionais — IEPTB
Fiscal estadual: PB — Débitos tributários e dívida ativa
Justiça Federal: TRF5 — Cível; TRF5 — Criminal
Empresas: Vínculos empresariais por CPF
Crédito: Pendências de crédito — QUOD
Processos: Processos judiciais — visão agrupada; Processos judiciais — consulta detalhada","Trabalhista — empresas: FGTS — Regularidade do empregador; CNDT — Débitos trabalhistas
Fiscal estadual — empresas: PB — Débitos tributários e dívida ativa
Justiça Federal — empresas: TRF5 — Cível; TRF5 — Criminal
Cadastro: CNPJ e QSA (consulta gratuita)","TJ estadual ainda sem emissão validada. RFB/PGFN e documentos do imóvel pendentes. Quantidade não significa cobertura jurídica completa.","2026-09-28","Integrado localmente; produção pendente","https://docs.google.com/spreadsheets/d/1myQG7FETZWMqPXPcaDNkYYPEWU3KJRRkX0QketehcnY/edit?gid=1989173279#gid=1989173279"
"RJ","Rio de Janeiro","=SUM(D22:F22)","5","0","5","6","Trabalhista: CNDT — Débitos trabalhistas; TRT1 — Ações trabalhistas no PJe
Protestos: Protestos nacionais — IEPTB
Fiscal estadual: RJ — Regularidade fiscal — SEFAZ
Justiça Federal: TRF2 — Cível; TRF2 — Criminal
Empresas: Vínculos empresariais por CPF
Crédito: Pendências de crédito — QUOD
Processos: Processos judiciais — visão agrupada; Processos judiciais — consulta detalhada","Trabalhista — empresas: FGTS — Regularidade do empregador; CNDT — Débitos trabalhistas
Justiça Federal — empresas: TRF2 — Cível; TRF2 — Criminal
Fiscal estadual — empresas: RJ — Regularidade fiscal — SEFAZ
Cadastro: CNPJ e QSA (consulta gratuita)","TJ estadual ainda sem emissão validada. Fiscal SEFAZ exige complemento PGE. RFB/PGFN e documentos do imóvel pendentes. Quantidade não significa cobertura jurídica completa.","2026-09-28","Integrado localmente; produção pendente","https://docs.google.com/spreadsheets/d/1myQG7FETZWMqPXPcaDNkYYPEWU3KJRRkX0QketehcnY/edit?gid=1989173279#gid=1989173279"
"RN","Rio Grande do Norte","=SUM(D23:F23)","5","0","5","5","Trabalhista: CNDT — Débitos trabalhistas
Protestos: Protestos nacionais — IEPTB
Justiça Federal: TRF5 — Cível; TRF5 — Criminal
Empresas: Vínculos empresariais por CPF
Crédito: Pendências de crédito — QUOD
Processos: Processos judiciais — visão agrupada; Processos judiciais — consulta detalhada
Fiscal municipal: Lajes-RN — Débitos municipais; São Bento do Norte-RN — Débitos municipais","Trabalhista — empresas: FGTS — Regularidade do empregador; CNDT — Débitos trabalhistas
Justiça Federal — empresas: TRF5 — Cível; TRF5 — Criminal
Cadastro: CNPJ e QSA (consulta gratuita)","TJ estadual ainda sem emissão validada. Certidão fiscal estadual CPF pendente. Certidão TRT pendente. Municipais somente: Lajes-RN (CPF), São Bento do Norte-RN (CPF). Não representam todos os municípios nem quitação do imóvel. RFB/PGFN e documentos do imóvel pendentes. Quantidade não significa cobertura jurídica completa.","2026-09-28","Integrado localmente; produção pendente","https://docs.google.com/spreadsheets/d/1myQG7FETZWMqPXPcaDNkYYPEWU3KJRRkX0QketehcnY/edit?gid=1989173279#gid=1989173279"
"SC","Santa Catarina","=SUM(D24:F24)","5","0","5","6","Trabalhista: CNDT — Débitos trabalhistas; TRT12 — Ações trabalhistas no PJe
Protestos: Protestos nacionais — IEPTB
Fiscal estadual: SC — Débitos estaduais
Justiça Federal: TRF4 — Cível; TRF4 — Criminal
Empresas: Vínculos empresariais por CPF
Crédito: Pendências de crédito — QUOD
Processos: Processos judiciais — visão agrupada; Processos judiciais — consulta detalhada","Trabalhista — empresas: FGTS — Regularidade do empregador; CNDT — Débitos trabalhistas
Fiscal estadual — empresas: SC — Débitos estaduais
Justiça Federal — empresas: TRF4 — Cível; TRF4 — Criminal
Cadastro: CNPJ e QSA (consulta gratuita)","TJ estadual ainda sem emissão validada. RFB/PGFN e documentos do imóvel pendentes. Quantidade não significa cobertura jurídica completa.","2026-09-28","Integrado localmente; produção pendente","https://docs.google.com/spreadsheets/d/1myQG7FETZWMqPXPcaDNkYYPEWU3KJRRkX0QketehcnY/edit?gid=1989173279#gid=1989173279"
"SE","Sergipe","=SUM(D25:F25)","5","0","5","5","Trabalhista: CNDT — Débitos trabalhistas; TRT20 — Ações trabalhistas no PJe
Protestos: Protestos nacionais — IEPTB
Justiça Federal: TRF5 — Cível; TRF5 — Criminal
Empresas: Vínculos empresariais por CPF
Crédito: Pendências de crédito — QUOD
Processos: Processos judiciais — visão agrupada; Processos judiciais — consulta detalhada
Fiscal municipal: Aracaju-SE — Débitos municipais","Trabalhista — empresas: FGTS — Regularidade do empregador; CNDT — Débitos trabalhistas
Justiça Federal — empresas: TRF5 — Cível; TRF5 — Criminal
Cadastro: CNPJ e QSA (consulta gratuita)","TJ estadual ainda sem emissão validada. Certidão fiscal estadual CPF pendente. Municipais somente: Aracaju-SE (CPF). Não representam todos os municípios nem quitação do imóvel. RFB/PGFN e documentos do imóvel pendentes. Quantidade não significa cobertura jurídica completa.","2026-09-28","Integrado localmente; produção pendente","https://docs.google.com/spreadsheets/d/1myQG7FETZWMqPXPcaDNkYYPEWU3KJRRkX0QketehcnY/edit?gid=1989173279#gid=1989173279"
"AL","Alagoas","=SUM(D26:F26)","4","0","5","5","Trabalhista: CNDT — Débitos trabalhistas; TRT19 — Ações trabalhistas no PJe
Protestos: Protestos nacionais — IEPTB
Justiça Federal: TRF5 — Cível; TRF5 — Criminal
Empresas: Vínculos empresariais por CPF
Crédito: Pendências de crédito — QUOD
Processos: Processos judiciais — visão agrupada; Processos judiciais — consulta detalhada","Trabalhista — empresas: FGTS — Regularidade do empregador; CNDT — Débitos trabalhistas
Justiça Federal — empresas: TRF5 — Cível; TRF5 — Criminal
Cadastro: CNPJ e QSA (consulta gratuita)","TJ estadual ainda sem emissão validada. Certidão fiscal estadual CPF pendente. RFB/PGFN e documentos do imóvel pendentes. Quantidade não significa cobertura jurídica completa.","2026-09-28","Integrado localmente; produção pendente","https://docs.google.com/spreadsheets/d/1myQG7FETZWMqPXPcaDNkYYPEWU3KJRRkX0QketehcnY/edit?gid=1989173279#gid=1989173279"
"PR","Paraná","=SUM(D27:F27)","4","0","5","5","Trabalhista: CNDT — Débitos trabalhistas; TRT9 — Ações trabalhistas no PJe
Protestos: Protestos nacionais — IEPTB
Justiça Federal: TRF4 — Cível; TRF4 — Criminal
Empresas: Vínculos empresariais por CPF
Crédito: Pendências de crédito — QUOD
Processos: Processos judiciais — visão agrupada; Processos judiciais — consulta detalhada","Trabalhista — empresas: FGTS — Regularidade do empregador; CNDT — Débitos trabalhistas
Justiça Federal — empresas: TRF4 — Cível; TRF4 — Criminal
Cadastro: CNPJ e QSA (consulta gratuita)","TJ estadual ainda sem emissão validada. Certidão fiscal estadual CPF pendente. RFB/PGFN e documentos do imóvel pendentes. Quantidade não significa cobertura jurídica completa.","2026-09-28","Integrado localmente; produção pendente","https://docs.google.com/spreadsheets/d/1myQG7FETZWMqPXPcaDNkYYPEWU3KJRRkX0QketehcnY/edit?gid=1989173279#gid=1989173279"
"RO","Rondônia","=SUM(D28:F28)","4","0","5","5","Trabalhista: CNDT — Débitos trabalhistas; TRT14 — Ações trabalhistas no PJe
Protestos: Protestos nacionais — IEPTB
Justiça Federal: TRF1 — Cível; TRF1 — Criminal
Empresas: Vínculos empresariais por CPF
Crédito: Pendências de crédito — QUOD
Processos: Processos judiciais — visão agrupada; Processos judiciais — consulta detalhada","Trabalhista — empresas: FGTS — Regularidade do empregador; CNDT — Débitos trabalhistas
Justiça Federal — empresas: TRF1 — Cível; TRF1 — Criminal
Cadastro: CNPJ e QSA (consulta gratuita)","TJ estadual ainda sem emissão validada. Certidão fiscal estadual CPF pendente. RFB/PGFN e documentos do imóvel pendentes. Quantidade não significa cobertura jurídica completa.","2026-09-28","Integrado localmente; produção pendente","https://docs.google.com/spreadsheets/d/1myQG7FETZWMqPXPcaDNkYYPEWU3KJRRkX0QketehcnY/edit?gid=1989173279#gid=1989173279"
"","","","","","","","","","","","",""
"Critério","Uma opção validada conta uma vez por UF e por perfil. Nacionais aparecem em todas as 27 UFs. CPF e CNPJ são consultados separadamente.","","","","","","","","","","",""
"Regionais","TRFs contam somente nas UFs de sua região; TRT2 e TRT15 contam em SP. TRT22 físico/eletrônico conta uma única vez.","","","","","","","","","","",""
"Municipais","Total inclui produtos dos municípios nomeados na linha. Para um vendedor específico, selecionar apenas municípios e jurisdições aplicáveis.","","","","","","","","","","",""
"Tipos","Certidões e comprovantes têm PDF. Dados sem PDF são consultas estruturadas. Processos agrupados/completos são dois produtos e podem trazer dados sobrepostos.","","","","","","","","","","",""
"CNPJ","Total por empresa inclui CNDT, FGTS, dois documentos do TRF, cadastro/QSA gratuito e opções fiscais/municipais validadas na UF.","","","","","","","","","","",""
"Totais","Não somar as UFs para obter produtos únicos nacionais: a repetição por cobertura é intencional. As quantidades não indicam completude da análise jurídica.","","","","","","","","","","",""
"Jurisdição","https://www.cnj.jus.br/wp-content/uploads/2025/11/justica-em-numeros-2025.pdf","","","","","","","","","","",""
"Trabalhista","https://www.cnj.jus.br/tribunais/","","","","","","","","","","",""
