"UF","Município","Resultado CPF","Resultado CNPJ","Disponibilidade no catálogo","Limite ou próximo passo","Data da conferência","Integração local","Fonte"
"AL","Maceió","HTTP 200; metadado 6; sem PDF","Não testado nesta rodada","CPF: Não liberada; CNPJ: Não liberada","Consulta do contribuinte. Não comprova débitos de um imóvel específico; conferir inscrição municipal/imobiliária e alcance do documento.","2026-09-28","Não liberada no catálogo atual","https://www.directd.com.br/central-de-ajuda/apis/catalogo/CertidaoNegativaDebitosMunicipal"
"AM","Manaus","HTTP 200; metadado 6; sem PDF","Não testado nesta rodada","CPF: Não liberada; CNPJ: Não liberada","Consulta do contribuinte. Não comprova débitos de um imóvel específico; conferir inscrição municipal/imobiliária e alcance do documento.","2026-09-28","Não liberada no catálogo atual","https://www.directd.com.br/central-de-ajuda/apis/catalogo/CertidaoNegativaDebitosMunicipal"
"BA","Brotas De Macaúbas","HTTP 200; metadado 6; sem PDF","Não testado nesta rodada","CPF: Não liberada; CNPJ: Não liberada","Consulta do contribuinte. Não comprova débitos de um imóvel específico; conferir inscrição municipal/imobiliária e alcance do documento.","2026-09-28","Não liberada no catálogo atual","https://www.directd.com.br/central-de-ajuda/apis/catalogo/CertidaoNegativaDebitosMunicipal"
"BA","Cairu","HTTP 503; metadado 30; sem PDF","Não testado nesta rodada","CPF: Não liberada; CNPJ: Não liberada","Consulta do contribuinte. Não comprova débitos de um imóvel específico; conferir inscrição municipal/imobiliária e alcance do documento.","2026-09-28","Não liberada no catálogo atual","https://www.directd.com.br/central-de-ajuda/apis/catalogo/CertidaoNegativaDebitosMunicipal"
"BA","Feira de Santana","HTTP 400; metadado 8; sem PDF","HTTP 200; metadado 6; sem PDF","CPF: Não liberada; CNPJ: Não liberada","Consulta do contribuinte. Não comprova débitos de um imóvel específico; conferir inscrição municipal/imobiliária e alcance do documento.","2026-09-28","Não liberada no catálogo atual","https://www.directd.com.br/central-de-ajuda/apis/catalogo/CertidaoNegativaDebitosMunicipal"
"BA","Ibipeba","HTTP 200; metadado 6; sem PDF","Não testado nesta rodada","CPF: Não liberada; CNPJ: Não liberada","Consulta do contribuinte. Não comprova débitos de um imóvel específico; conferir inscrição municipal/imobiliária e alcance do documento.","2026-09-28","Não liberada no catálogo atual","https://www.directd.com.br/central-de-ajuda/apis/catalogo/CertidaoNegativaDebitosMunicipal"
"BA","Salvador","HTTP 200; metadado 6; sem PDF","Não testado nesta rodada","CPF: Não liberada; CNPJ: Não liberada","Consulta do contribuinte. Não comprova débitos de um imóvel específico; conferir inscrição municipal/imobiliária e alcance do documento.","2026-09-28","Não liberada no catálogo atual","https://www.directd.com.br/central-de-ajuda/apis/catalogo/CertidaoNegativaDebitosMunicipal"
"BA","Uibaí","HTTP 200; metadado 6; sem PDF","Não testado nesta rodada","CPF: Não liberada; CNPJ: Não liberada","Consulta do contribuinte. Não comprova débitos de um imóvel específico; conferir inscrição municipal/imobiliária e alcance do documento.","2026-09-28","Não liberada no catálogo atual","https://www.directd.com.br/central-de-ajuda/apis/catalogo/CertidaoNegativaDebitosMunicipal"
"BA","Valença","HTTP 503; metadado 30; sem PDF","Não testado nesta rodada","CPF: Não liberada; CNPJ: Não liberada","Consulta do contribuinte. Não comprova débitos de um imóvel específico; conferir inscrição municipal/imobiliária e alcance do documento.","2026-09-28","Não liberada no catálogo atual","https://www.directd.com.br/central-de-ajuda/apis/catalogo/CertidaoNegativaDebitosMunicipal"
"CE","Fortaleza","HTTP 200; metadado 6; sem PDF","Não testado nesta rodada","CPF: Não liberada; CNPJ: Não liberada","Consulta do contribuinte. Não comprova débitos de um imóvel específico; conferir inscrição municipal/imobiliária e alcance do documento.","2026-09-28","Não liberada no catálogo atual","https://www.directd.com.br/central-de-ajuda/apis/catalogo/CertidaoNegativaDebitosMunicipal"
"ES","Vitoria","HTTP 200; metadado 6; sem PDF","Não testado nesta rodada","CPF: Não liberada; CNPJ: Não liberada","Consulta do contribuinte. Não comprova débitos de um imóvel específico; conferir inscrição municipal/imobiliária e alcance do documento.","2026-09-28","Não liberada no catálogo atual","https://www.directd.com.br/central-de-ajuda/apis/catalogo/CertidaoNegativaDebitosMunicipal"
"GO","Goiânia","Certidão aceita","Não testado nesta rodada","CPF: Certidão aceita; CNPJ: Não liberada","Consulta do contribuinte no município indicado. IPTU, débitos do imóvel e condomínio só estão abrangidos se o documento declarar expressamente.","2026-09-28","Integrado e validado em localhost:3000","https://www.directd.com.br/central-de-ajuda/apis/catalogo/CertidaoNegativaDebitosMunicipal"
"MT","Cuiabá","HTTP 500; metadado 21; sem PDF","Não testado nesta rodada","CPF: Não liberada; CNPJ: Não liberada","Consulta do contribuinte. Não comprova débitos de um imóvel específico; conferir inscrição municipal/imobiliária e alcance do documento.","2026-09-28","Não liberada no catálogo atual","https://www.directd.com.br/central-de-ajuda/apis/catalogo/CertidaoNegativaDebitosMunicipal"
"PB","João Pessoa","HTTP 200; metadado 6; sem PDF","Não testado nesta rodada","CPF: Não liberada; CNPJ: Não liberada","Consulta do contribuinte. Não comprova débitos de um imóvel específico; conferir inscrição municipal/imobiliária e alcance do documento.","2026-09-28","Não liberada no catálogo atual","https://www.directd.com.br/central-de-ajuda/apis/catalogo/CertidaoNegativaDebitosMunicipal"
"PI","Teresina","HTTP 503; metadado 30; sem PDF","Não testado nesta rodada","CPF: Não liberada; CNPJ: Não liberada","Consulta do contribuinte. Não comprova débitos de um imóvel específico; conferir inscrição municipal/imobiliária e alcance do documento.","2026-09-28","Não liberada no catálogo atual","https://www.directd.com.br/central-de-ajuda/apis/catalogo/CertidaoNegativaDebitosMunicipal"
"RJ","Guapimirim","HTTP 200; metadado 6; sem PDF","Não testado nesta rodada","CPF: Não liberada; CNPJ: Não liberada","Consulta do contribuinte. Não comprova débitos de um imóvel específico; conferir inscrição municipal/imobiliária e alcance do documento.","2026-09-28","Não liberada no catálogo atual","https://www.directd.com.br/central-de-ajuda/apis/catalogo/CertidaoNegativaDebitosMunicipal"
"RJ","Japeri","HTTP 200; metadado 6; sem PDF","Não testado nesta rodada","CPF: Não liberada; CNPJ: Não liberada","Consulta do contribuinte. Não comprova débitos de um imóvel específico; conferir inscrição municipal/imobiliária e alcance do documento.","2026-09-28","Não liberada no catálogo atual","https://www.directd.com.br/central-de-ajuda/apis/catalogo/CertidaoNegativaDebitosMunicipal"
"RN","Lajes","Certidão aceita","Não testado nesta rodada","CPF: Certidão aceita; CNPJ: Não liberada","Consulta do contribuinte no município indicado. IPTU, débitos do imóvel e condomínio só estão abrangidos se o documento declarar expressamente.","2026-09-28","Integrado e validado em localhost:3000","https://www.directd.com.br/central-de-ajuda/apis/catalogo/CertidaoNegativaDebitosMunicipal"
"RN","São Bento do Norte","Certidão aceita","Não testado nesta rodada","CPF: Certidão aceita; CNPJ: Não liberada","Consulta do contribuinte no município indicado. IPTU, débitos do imóvel e condomínio só estão abrangidos se o documento declarar expressamente.","2026-09-28","Integrado e validado em localhost:3000","https://www.directd.com.br/central-de-ajuda/apis/catalogo/CertidaoNegativaDebitosMunicipal"
"RO","Porto Velho","HTTP 200; metadado 6; sem PDF","Não testado nesta rodada","CPF: Não liberada; CNPJ: Não liberada","Consulta do contribuinte. Não comprova débitos de um imóvel específico; conferir inscrição municipal/imobiliária e alcance do documento.","2026-09-28","Não liberada no catálogo atual","https://www.directd.com.br/central-de-ajuda/apis/catalogo/CertidaoNegativaDebitosMunicipal"
"SE","Aracaju","Certidão aceita","Não testado nesta rodada","CPF: Certidão aceita; CNPJ: Não liberada","Consulta do contribuinte no município indicado. IPTU, débitos do imóvel e condomínio só estão abrangidos se o documento declarar expressamente.","2026-09-28","Integrado e validado em localhost:3000","https://www.directd.com.br/central-de-ajuda/apis/catalogo/CertidaoNegativaDebitosMunicipal"
"SP","Arapeí","HTTP 200; metadado 6; sem PDF","Não testado nesta rodada","CPF: Não liberada; CNPJ: Não liberada","Consulta do contribuinte. Não comprova débitos de um imóvel específico; conferir inscrição municipal/imobiliária e alcance do documento.","2026-09-28","Não liberada no catálogo atual","https://www.directd.com.br/central-de-ajuda/apis/catalogo/CertidaoNegativaDebitosMunicipal"
"SP","Caraguatatuba","HTTP 202; metadado 23; sem PDF","Não testado nesta rodada","CPF: Não liberada; CNPJ: Não liberada","Consulta do contribuinte. Não comprova débitos de um imóvel específico; conferir inscrição municipal/imobiliária e alcance do documento.","2026-09-28","Não liberada no catálogo atual","https://www.directd.com.br/central-de-ajuda/apis/catalogo/CertidaoNegativaDebitosMunicipal"
"SP","Cubatão","HTTP 200; metadado 6; sem PDF","Não testado nesta rodada","CPF: Não liberada; CNPJ: Não liberada","Consulta do contribuinte. Não comprova débitos de um imóvel específico; conferir inscrição municipal/imobiliária e alcance do documento.","2026-09-28","Não liberada no catálogo atual","https://www.directd.com.br/central-de-ajuda/apis/catalogo/CertidaoNegativaDebitosMunicipal"
"SP","Guararema","HTTP 400; metadado 8; sem PDF","HTTP 400; metadado 8; sem PDF","CPF: Não liberada; CNPJ: Não liberada","Consulta do contribuinte. Não comprova débitos de um imóvel específico; conferir inscrição municipal/imobiliária e alcance do documento.","2026-09-28","Não liberada no catálogo atual","https://www.directd.com.br/central-de-ajuda/apis/catalogo/CertidaoNegativaDebitosMunicipal"
"SP","Mauá","HTTP 200; metadado 6; sem PDF","Não testado nesta rodada","CPF: Não liberada; CNPJ: Não liberada","Consulta do contribuinte. Não comprova débitos de um imóvel específico; conferir inscrição municipal/imobiliária e alcance do documento.","2026-09-28","Não liberada no catálogo atual","https://www.directd.com.br/central-de-ajuda/apis/catalogo/CertidaoNegativaDebitosMunicipal"
"SP","Paulínia","HTTP 200; metadado 6; sem PDF","Não testado nesta rodada","CPF: Não liberada; CNPJ: Não liberada","Consulta do contribuinte. Não comprova débitos de um imóvel específico; conferir inscrição municipal/imobiliária e alcance do documento.","2026-09-28","Não liberada no catálogo atual","https://www.directd.com.br/central-de-ajuda/apis/catalogo/CertidaoNegativaDebitosMunicipal"
"SP","São Paulo","HTTP 200; metadado 1; sem PDF; retorno da API exige conferência","Certidão aceita","CPF: Não liberada; CNPJ: Certidão aceita","Certidão emitida pelo CNPJ raiz para os estabelecimentos no município de São Paulo. Abrange os tributos mobiliários inscritos e não inscritos descritos; não comprova regularidade do IPTU nem inscrição no CPOM.","2026-09-28","Integrado e validado em localhost:3000","https://www.directd.com.br/central-de-ajuda/apis/catalogo/CertidaoNegativaDebitosMunicipal"
"SP","São Vicente","HTTP 400; metadado 8; sem PDF","Não testado nesta rodada","CPF: Não liberada; CNPJ: Não liberada","Consulta do contribuinte. Não comprova débitos de um imóvel específico; conferir inscrição municipal/imobiliária e alcance do documento.","2026-09-28","Não liberada no catálogo atual","https://www.directd.com.br/central-de-ajuda/apis/catalogo/CertidaoNegativaDebitosMunicipal"
"SP","Taubaté","HTTP 400; metadado 8; sem PDF","Não testado nesta rodada","CPF: Não liberada; CNPJ: Não liberada","Consulta do contribuinte. Não comprova débitos de um imóvel específico; conferir inscrição municipal/imobiliária e alcance do documento.","2026-09-28","Não liberada no catálogo atual","https://www.directd.com.br/central-de-ajuda/apis/catalogo/CertidaoNegativaDebitosMunicipal"
"TO","Palmas","HTTP 200; metadado 6; sem PDF","Não testado nesta rodada","CPF: Não liberada; CNPJ: Não liberada","Consulta do contribuinte. Não comprova débitos de um imóvel específico; conferir inscrição municipal/imobiliária e alcance do documento.","2026-09-28","Não liberada no catálogo atual","https://www.directd.com.br/central-de-ajuda/apis/catalogo/CertidaoNegativaDebitosMunicipal"
