"UF","Categoria","Documento","Disponível","Fonte","Limite","Data","Integração local"
"AC","Fiscal estadual","AC — Débitos estaduais — SEFAZ (CPF)","Sim — certidão PDF","https://www.directd.com.br/central-de-ajuda/apis/catalogo/CertidaoNegativaDebitos","Exclui créditos inscritos em dívida ativa.","2026-09-28","Integrado e validado em localhost:3000"
"AC","Fiscal estadual — empresas","AC — Débitos estaduais — SEFAZ — empresa (CNPJ)","Sim — certidão PDF","https://www.directd.com.br/central-de-ajuda/apis/catalogo/CertidaoNegativaDebitos","Exclui créditos inscritos em dívida ativa.","2026-09-28","Integrado e validado em localhost:3000"
"AL","Fiscal estadual","AL — certidão de débitos estaduais","Pendente","https://www.directd.com.br/central-de-ajuda/apis/catalogo/CertidaoNegativaDebitos","HTTP 200; metadado 2; sem PDF; retorno da API exige conferência","2026-09-28","Não liberada nesta rodada"
"AL","Fiscal municipal","Maceió — certidão de débitos municipais","Pendente","https://www.directd.com.br/central-de-ajuda/apis/catalogo/CertidaoNegativaDebitosMunicipal","HTTP 200; metadado 6; sem PDF. Consulta por CPF não comprova a situação fiscal de imóvel específico.","2026-09-28","Não liberada nesta rodada"
"AL","Trabalhista","TRT19 — Ações trabalhistas no PJe (CPF)","Sim — certidão PDF","https://www.directd.com.br/central-de-ajuda/apis/catalogo/TribunalRegionalTrabalho","Cobertura limitada aos sistemas, classes, polos e períodos indicados no PDF. Não substitui CNDT/BNDT nem certidão de feitos físicos.","2026-09-28","Integrado e validado em localhost:3000"
"AM","Fiscal estadual","AM — Débitos estaduais — SEFAZ e PGE (CPF)","Sim — certidão PDF","https://www.directd.com.br/central-de-ajuda/apis/catalogo/CertidaoNegativaDebitos","Cobertura limitada ao escopo e às ressalvas do documento emitido.","2026-09-28","Integrado e validado em localhost:3000"
"AM","Fiscal estadual — empresas","AM — Débitos estaduais — SEFAZ e PGE — empresa (CNPJ)","Sim — certidão PDF","https://www.directd.com.br/central-de-ajuda/apis/catalogo/CertidaoNegativaDebitos","Cobertura limitada ao escopo e às ressalvas do documento emitido.","2026-09-28","Integrado e validado em localhost:3000"
"AM","Fiscal municipal","Manaus — certidão de débitos municipais","Pendente","https://www.directd.com.br/central-de-ajuda/apis/catalogo/CertidaoNegativaDebitosMunicipal","HTTP 200; metadado 6; sem PDF. Consulta por CPF não comprova a situação fiscal de imóvel específico.","2026-09-28","Não liberada nesta rodada"
"AM, RR","Trabalhista","TRT11 — Ações trabalhistas no PJe (CPF)","Sim — certidão PDF","https://www.directd.com.br/central-de-ajuda/apis/catalogo/TribunalRegionalTrabalho","Cobertura limitada aos sistemas, classes, polos e períodos indicados no PDF. Não substitui CNDT/BNDT nem certidão de feitos físicos.","2026-09-28","Integrado e validado em localhost:3000"
"AP","Fiscal estadual","AP — Tributos estaduais e dívida ativa (CPF)","Sim — certidão PDF","https://www.directd.com.br/central-de-ajuda/apis/catalogo/CertidaoNegativaDebitos","Cobertura limitada ao escopo e às ressalvas do documento emitido.","2026-09-28","Integrado e validado em localhost:3000"
"AP","Fiscal estadual — empresas","AP — Tributos estaduais e dívida ativa — empresa (CNPJ)","Sim — certidão PDF","https://www.directd.com.br/central-de-ajuda/apis/catalogo/CertidaoNegativaDebitos","Cobertura limitada ao escopo e às ressalvas do documento emitido.","2026-09-28","Integrado e validado em localhost:3000"
"AP","Tribunais estaduais","AP — Cível","Sim — certidão PDF","https://www.directd.com.br/central-de-ajuda/apis/catalogo/TJCertidaoCivelCriminalFiscal","Abrangência restrita à certidão e ao tribunal consultado; conferir o documento.","2026-09-28","Integrado e validado em localhost:3000"
"AP","Tribunais estaduais","AP — Criminal","Sim — certidão PDF","https://www.directd.com.br/central-de-ajuda/apis/catalogo/TJCertidaoCivelCriminalFiscal","Abrangência restrita à certidão e ao tribunal consultado; conferir o documento.","2026-09-28","Integrado e validado em localhost:3000"
"BA","Fiscal estadual","BA — Débitos tributários estaduais (CPF)","Sim — certidão PDF","https://www.directd.com.br/central-de-ajuda/apis/catalogo/CertidaoNegativaDebitos","Cobertura limitada ao escopo e às ressalvas do documento emitido.","2026-09-28","Integrado e validado em localhost:3000"
"BA","Fiscal estadual — empresas","BA — Débitos tributários estaduais — empresa (CNPJ)","Sim — certidão PDF","https://www.directd.com.br/central-de-ajuda/apis/catalogo/CertidaoNegativaDebitos","Cobertura limitada ao escopo e às ressalvas do documento emitido.","2026-09-28","Integrado e validado em localhost:3000"
"BA","Fiscal municipal","Brotas De Macaúbas — certidão de débitos municipais","Pendente","https://www.directd.com.br/central-de-ajuda/apis/catalogo/CertidaoNegativaDebitosMunicipal","HTTP 200; metadado 6; sem PDF. Consulta por CPF não comprova a situação fiscal de imóvel específico.","2026-09-28","Não liberada nesta rodada"
"BA","Fiscal municipal","Cairu — certidão de débitos municipais","Pendente","https://www.directd.com.br/central-de-ajuda/apis/catalogo/CertidaoNegativaDebitosMunicipal","HTTP 503; metadado 30; sem PDF. Consulta por CPF não comprova a situação fiscal de imóvel específico.","2026-09-28","Não liberada nesta rodada"
"BA","Fiscal municipal","Feira de Santana — certidão de débitos municipais","Pendente","https://www.directd.com.br/central-de-ajuda/apis/catalogo/CertidaoNegativaDebitosMunicipal","HTTP 400; metadado 8; sem PDF. Consulta por CPF não comprova a situação fiscal de imóvel específico.","2026-09-28","Não liberada nesta rodada"
"BA","Fiscal municipal","Ibipeba — certidão de débitos municipais","Pendente","https://www.directd.com.br/central-de-ajuda/apis/catalogo/CertidaoNegativaDebitosMunicipal","HTTP 200; metadado 6; sem PDF. Consulta por CPF não comprova a situação fiscal de imóvel específico.","2026-09-28","Não liberada nesta rodada"
"BA","Fiscal municipal","Salvador — certidão de débitos municipais","Pendente","https://www.directd.com.br/central-de-ajuda/apis/catalogo/CertidaoNegativaDebitosMunicipal","HTTP 200; metadado 6; sem PDF. Consulta por CPF não comprova a situação fiscal de imóvel específico.","2026-09-28","Não liberada nesta rodada"
"BA","Fiscal municipal","Uibaí — certidão de débitos municipais","Pendente","https://www.directd.com.br/central-de-ajuda/apis/catalogo/CertidaoNegativaDebitosMunicipal","HTTP 200; metadado 6; sem PDF. Consulta por CPF não comprova a situação fiscal de imóvel específico.","2026-09-28","Não liberada nesta rodada"
"BA","Fiscal municipal","Valença — certidão de débitos municipais","Pendente","https://www.directd.com.br/central-de-ajuda/apis/catalogo/CertidaoNegativaDebitosMunicipal","HTTP 503; metadado 30; sem PDF. Consulta por CPF não comprova a situação fiscal de imóvel específico.","2026-09-28","Não liberada nesta rodada"
"BA","Trabalhista","TRT5 — Ações trabalhistas no PJe (CPF)","Sim — certidão PDF","https://www.directd.com.br/central-de-ajuda/apis/catalogo/TribunalRegionalTrabalho","Cobertura limitada aos sistemas, classes, polos e períodos indicados no PDF. Não substitui CNDT/BNDT nem certidão de feitos físicos.","2026-09-28","Integrado e validado em localhost:3000"
"CE","Fiscal estadual","CE — Débitos estaduais — CADINE (CPF)","Sim — certidão PDF","https://www.directd.com.br/central-de-ajuda/apis/catalogo/CertidaoNegativaDebitos","Cobertura limitada ao escopo e às ressalvas do documento emitido.","2026-09-28","Integrado e validado em localhost:3000"
"CE","Fiscal estadual — empresas","CE — Débitos estaduais — CADINE — empresa (CNPJ)","Sim — certidão PDF","https://www.directd.com.br/central-de-ajuda/apis/catalogo/CertidaoNegativaDebitos","Cobertura limitada ao escopo e às ressalvas do documento emitido.","2026-09-28","Integrado e validado em localhost:3000"
"CE","Fiscal municipal","Fortaleza — certidão de débitos municipais","Pendente","https://www.directd.com.br/central-de-ajuda/apis/catalogo/CertidaoNegativaDebitosMunicipal","HTTP 200; metadado 6; sem PDF. Consulta por CPF não comprova a situação fiscal de imóvel específico.","2026-09-28","Não liberada nesta rodada"
"CE","Trabalhista","TRT7 — Ações trabalhistas em processos físicos (CPF)","Sim — certidão PDF","https://www.directd.com.br/central-de-ajuda/apis/catalogo/TribunalRegionalTrabalho","Abrange somente o acervo físico e os sistemas indicados no documento; não substitui consulta ao PJe nem CNDT/BNDT.","2026-09-28","Integrado e validado em localhost:3000"
"CE","Trabalhista","TRT7 — Ações trabalhistas no PJe (CPF)","Sim — certidão PDF","https://www.directd.com.br/central-de-ajuda/apis/catalogo/TribunalRegionalTrabalho","Cobertura limitada aos sistemas, classes, polos e períodos indicados no PDF. Não substitui CNDT/BNDT nem certidão de feitos físicos.","2026-09-28","Integrado e validado em localhost:3000"
"DF","Fiscal estadual","DF — certidão de débitos estaduais","Pendente","https://www.directd.com.br/central-de-ajuda/apis/catalogo/CertidaoNegativaDebitos","HTTP 200; metadado 6; sem PDF","2026-09-28","Não liberada nesta rodada"
"DF","Junta Comercial","Certidão simplificada","Pendente","https://www.agenciabrasilia.df.gov.br/web/jucis/certidoes","Portal exige autenticação e pagamento; CAPTCHA observado. Sem fluxo autônomo validado.","2026-09-28","Não liberada nesta rodada"
"DF","Tribunais estaduais","DF — Cível","Sim — certidão PDF","https://cnc.tjdft.jus.br/solicitacao-externa","Abrangência restrita à certidão e ao tribunal consultado; conferir o documento.","2026-09-28","Integrado e validado em localhost:3000"
"DF","Tribunais estaduais","DF — Criminal","Sim — certidão PDF","https://cnc.tjdft.jus.br/solicitacao-externa","Abrangência restrita à certidão e ao tribunal consultado; conferir o documento.","2026-09-28","Integrado e validado em localhost:3000"
"DF","Tribunais estaduais","DF — Especial (Cível e Criminal)","Sim — certidão PDF","https://cnc.tjdft.jus.br/solicitacao-externa","Abrangência restrita à certidão e ao tribunal consultado; conferir o documento.","2026-09-28","Integrado e validado em localhost:3000"
"DF","Tribunais estaduais","DF — Falência e Recuperação Judicial","Sim — certidão PDF","https://cnc.tjdft.jus.br/solicitacao-externa","Abrangência restrita à certidão e ao tribunal consultado; conferir o documento.","2026-09-28","Integrado e validado em localhost:3000"
"DF, TO","Trabalhista","TRT10 — Ações trabalhistas no PJe (CPF)","Sim — certidão PDF","https://www.directd.com.br/central-de-ajuda/apis/catalogo/TribunalRegionalTrabalho","Cobertura limitada aos sistemas, classes, polos e períodos indicados no PDF. Não substitui CNDT/BNDT nem certidão de feitos físicos.","2026-09-28","Integrado e validado em localhost:3000"
"ES","Fiscal estadual","ES — Débitos com a Fazenda estadual (CPF)","Sim — certidão PDF","https://www.directd.com.br/central-de-ajuda/apis/catalogo/CertidaoNegativaDebitos","Cobertura limitada ao escopo e às ressalvas do documento emitido.","2026-09-28","Integrado e validado em localhost:3000"
"ES","Fiscal estadual — empresas","ES — Débitos com a Fazenda estadual — empresa (CNPJ)","Sim — certidão PDF","https://www.directd.com.br/central-de-ajuda/apis/catalogo/CertidaoNegativaDebitos","Cobertura limitada ao escopo e às ressalvas do documento emitido.","2026-09-28","Integrado e validado em localhost:3000"
"ES","Fiscal municipal","Vitoria — certidão de débitos municipais","Pendente","https://www.directd.com.br/central-de-ajuda/apis/catalogo/CertidaoNegativaDebitosMunicipal","HTTP 200; metadado 6; sem PDF. Consulta por CPF não comprova a situação fiscal de imóvel específico.","2026-09-28","Não liberada nesta rodada"
"ES","Trabalhista","TRT17 — Ações trabalhistas no PJe (CPF)","Sim — certidão PDF","https://www.directd.com.br/central-de-ajuda/apis/catalogo/TribunalRegionalTrabalho","Cobertura limitada aos sistemas, classes, polos e períodos indicados no PDF. Não substitui CNDT/BNDT nem certidão de feitos físicos.","2026-09-28","Integrado e validado em localhost:3000"
"ES","Tribunais estaduais","ES — Cível","Sim — certidão PDF","https://sistemas.tjes.jus.br/certidaonegativa/","Abrangência restrita à certidão e ao tribunal consultado; conferir o documento.","2026-09-28","Integrado e validado em localhost:3000"
"ES","Tribunais estaduais","ES — Criminal","Sim — certidão PDF","https://sistemas.tjes.jus.br/certidaonegativa/","Abrangência restrita à certidão e ao tribunal consultado; conferir o documento.","2026-09-28","Integrado e validado em localhost:3000"
"ES","Tribunais estaduais","ES — Falência e recuperação judicial","Sim — certidão PDF","https://sistemas.tjes.jus.br/certidaonegativa/","Abrangência restrita à certidão e ao tribunal consultado; conferir o documento.","2026-09-28","Integrado e validado em localhost:3000"
"ES","Tribunais estaduais","ES — Família","Sim — certidão PDF","https://www.directd.com.br/central-de-ajuda/apis/catalogo/TJCertidaoCivelCriminalFiscal","Abrangência restrita à certidão e ao tribunal consultado; conferir o documento.","2026-09-28","Integrado e validado em localhost:3000"
"ES","Tribunais estaduais","ES — Fiscal","Sim — certidão PDF","https://www.directd.com.br/central-de-ajuda/apis/catalogo/TJCertidaoCivelCriminalFiscal","Abrangência restrita à certidão e ao tribunal consultado; conferir o documento.","2026-09-28","Integrado e validado em localhost:3000"
"ES","Tribunais estaduais","ES — Militar","Sim — certidão PDF","https://www.directd.com.br/central-de-ajuda/apis/catalogo/TJCertidaoCivelCriminalFiscal","Abrangência restrita à certidão e ao tribunal consultado; conferir o documento.","2026-09-28","Integrado e validado em localhost:3000"
"GO","Fiscal estadual","GO — Consulta ao CADIN (CPF)","Sim — consulta com comprovante","https://www.directd.com.br/central-de-ajuda/apis/catalogo/CADINSecretariaFazendaEstaduais","Comprovante de consulta ao cadastro de inadimplentes; não substitui certidão de regularidade fiscal nem comprova ausência de todas as dívidas.","2026-09-28","Integrado e validado em localhost:3000"
"GO","Fiscal estadual","GO — Débitos inscritos em dívida ativa (CPF)","Sim — certidão PDF","https://www.directd.com.br/central-de-ajuda/apis/catalogo/CertidaoNegativaDebitos","Abrange somente dívida ativa estadual.","2026-09-28","Integrado e validado em localhost:3000"
"GO","Fiscal estadual — empresas","GO — Débitos inscritos em dívida ativa — empresa (CNPJ)","Sim — certidão PDF","https://www.directd.com.br/central-de-ajuda/apis/catalogo/CertidaoNegativaDebitos","Abrange somente dívida ativa estadual.","2026-09-28","Integrado e validado em localhost:3000"
"GO","Fiscal municipal","Goiânia-GO — Débitos municipais (CPF)","Sim — certidão PDF","https://www.directd.com.br/central-de-ajuda/apis/catalogo/CertidaoNegativaDebitosMunicipal","Consulta do contribuinte no município indicado. IPTU, débitos do imóvel e condomínio só estão abrangidos se o documento declarar expressamente.","2026-09-28","Integrado e validado em localhost:3000"
"GO","Trabalhista","TRT18 — ações trabalhistas eletrônicas","Pendente","https://www.directd.com.br/central-de-ajuda/apis/catalogo/TribunalRegionalTrabalho","HTTP 503; metadado 30; sem PDF. Falha do fornecedor não comprova ausência de ações.","2026-09-28","Não liberada nesta rodada"
"GO","Tribunais estaduais","GO — Cível","Sim — certidão PDF","https://www.directd.com.br/central-de-ajuda/apis/catalogo/TJCertidaoCivelCriminalFiscal","Abrangência restrita à certidão e ao tribunal consultado; conferir o documento.","2026-09-28","Integrado e validado em localhost:3000"
"GO","Tribunais estaduais","GO — Criminal","Sim — certidão PDF","https://www.directd.com.br/central-de-ajuda/apis/catalogo/TJCertidaoCivelCriminalFiscal","Abrangência restrita à certidão e ao tribunal consultado; conferir o documento.","2026-09-28","Integrado e validado em localhost:3000"
"MA","Fiscal estadual","MA — Débitos tributários estaduais (CPF)","Sim — certidão PDF","https://www.directd.com.br/central-de-ajuda/apis/catalogo/CertidaoNegativaDebitos","Cobertura limitada ao escopo e às ressalvas do documento emitido.","2026-09-28","Integrado e validado em localhost:3000"
"MA","Fiscal estadual — empresas","MA — Débitos tributários estaduais — empresa (CNPJ)","Sim — certidão PDF","https://www.directd.com.br/central-de-ajuda/apis/catalogo/CertidaoNegativaDebitos","Cobertura limitada ao escopo e às ressalvas do documento emitido.","2026-09-28","Integrado e validado em localhost:3000"
"MA","Trabalhista","TRT16 — Ações trabalhistas no PJe (CPF)","Sim — certidão PDF","https://www.directd.com.br/central-de-ajuda/apis/catalogo/TribunalRegionalTrabalho","Cobertura limitada aos sistemas, classes, polos e períodos indicados no PDF. Não substitui CNDT/BNDT nem certidão de feitos físicos.","2026-09-28","Integrado e validado em localhost:3000"
"MG","Fiscal estadual","MG — certidão de débitos estaduais","Pendente","https://www.directd.com.br/central-de-ajuda/apis/catalogo/CertidaoNegativaDebitos","HTTP 503; metadado 30; sem PDF","2026-09-28","Não liberada nesta rodada"
"MG","Fiscal estadual","MG — Consulta estruturada ao CADIN (CPF)","Sim — consulta de dados","https://www.directd.com.br/central-de-ajuda/apis/catalogo/CADINSecretariaFazendaEstaduais","Retorno estruturado do provedor identificado por CPF. Sem comprovante PDF com identidade conferida; não substitui certidão fiscal.","2026-09-28","Integrado e validado em localhost:3000"
"MG","Junta Comercial","Certidão simplificada","Pendente","https://www.mg.gov.br/servico/solicitar-certidoes","Serviço oficial identificado; acesso e emissão autônoma ainda não homologados.","2026-09-28","Não liberada nesta rodada"
"MG","Trabalhista","TRT3 — Ações trabalhistas no PJe (CPF)","Sim — certidão PDF","https://www.directd.com.br/central-de-ajuda/apis/catalogo/TribunalRegionalTrabalho","Cobertura limitada aos sistemas, classes, polos e períodos indicados no PDF. Não substitui CNDT/BNDT nem certidão de feitos físicos.","2026-09-28","Integrado e validado em localhost:3000"
"MS","Fiscal estadual","MS — Créditos tributários e não tributários (CPF)","Sim — certidão PDF","https://www.directd.com.br/central-de-ajuda/apis/catalogo/CertidaoNegativaDebitos","Cobertura limitada ao escopo e às ressalvas do documento emitido.","2026-09-28","Integrado e validado em localhost:3000"
"MS","Fiscal estadual — empresas","MS — Créditos tributários e não tributários — empresa (CNPJ)","Sim — certidão PDF","https://www.directd.com.br/central-de-ajuda/apis/catalogo/CertidaoNegativaDebitos","Cobertura limitada ao escopo e às ressalvas do documento emitido.","2026-09-28","Integrado e validado em localhost:3000"
"MS","Trabalhista","TRT24 — Ações trabalhistas no PJe (CPF)","Sim — certidão PDF","https://www.directd.com.br/central-de-ajuda/apis/catalogo/TribunalRegionalTrabalho","Cobertura limitada aos sistemas, classes, polos e períodos indicados no PDF. Não substitui CNDT/BNDT nem certidão de feitos físicos.","2026-09-28","Integrado e validado em localhost:3000"
"MT","Fiscal estadual","MT — Débitos estaduais — SEFAZ e PGE (CPF)","Sim — certidão PDF","https://www.directd.com.br/central-de-ajuda/apis/catalogo/CertidaoNegativaDebitos","Cobertura limitada ao escopo e às ressalvas do documento emitido.","2026-09-28","Integrado e validado em localhost:3000"
"MT","Fiscal estadual — empresas","MT — Débitos estaduais — SEFAZ e PGE — empresa (CNPJ)","Sim — certidão PDF","https://www.directd.com.br/central-de-ajuda/apis/catalogo/CertidaoNegativaDebitos","Cobertura limitada ao escopo e às ressalvas do documento emitido.","2026-09-28","Integrado e validado em localhost:3000"
"MT","Fiscal municipal","Cuiabá — certidão de débitos municipais","Pendente","https://www.directd.com.br/central-de-ajuda/apis/catalogo/CertidaoNegativaDebitosMunicipal","HTTP 500; metadado 21; sem PDF. Consulta por CPF não comprova a situação fiscal de imóvel específico.","2026-09-28","Não liberada nesta rodada"
"MT","Trabalhista","TRT23 — Ações trabalhistas no PJe (CPF)","Sim — certidão PDF","https://www.directd.com.br/central-de-ajuda/apis/catalogo/TribunalRegionalTrabalho","Cobertura limitada aos sistemas, classes, polos e períodos indicados no PDF. Não substitui CNDT/BNDT nem certidão de feitos físicos.","2026-09-28","Integrado e validado em localhost:3000"
"Nacional","Crédito","Pendências de crédito — QUOD (CPF)","Sim — consulta de dados","https://www.directd.com.br/central-de-ajuda/apis/catalogo/DetalhamentoNegativo","Consulta QUOD; não é Serasa nem certidão oficial.","2026-09-28","Integrado e validado em localhost:3000"
"Nacional","Empresas","Cadastro e QSA dos CNPJs informados","Sim — consulta de dados","https://brasilapi.com.br/docs#tag/CNPJ","Consulta cadastral gratuita; não é certidão fiscal ou da Junta Comercial. Não pesquisa empresas automaticamente pelo CPF.","2026-09-28","Integrado e validado em localhost:3000"
"Nacional","Empresas","Vínculos empresariais por CPF (CPF)","Sim — consulta de dados","https://www.directd.com.br/central-de-ajuda/apis/catalogo/VinculosSocietarios","Base de vínculos do provedor; não substitui cadastro atualizado nem certidão de Junta Comercial.","2026-09-28","Integrado e validado em localhost:3000"
"Nacional","Fiscal federal","CND conjunta RFB/PGFN — pessoa física","Pendente","https://www.directd.com.br/central-de-ajuda/apis/catalogo/CertidaoConjuntaDebitosPessoaFisica","HTTP 500; metadado 21; sem PDF","2026-09-28","Não liberada nesta rodada"
"Nacional","Fiscal federal","Lista de devedores da União — PGFN","Pendente","https://www.directd.com.br/central-de-ajuda/apis/catalogo/PGFNListaDevedoresUniao","HTTP 500; metadado 21; sem PDF","2026-09-28","Não liberada nesta rodada"
"Nacional","Imobiliário","Declaração de débitos condominiais","Pendente","Documento do condomínio","Depende de documento e dados específicos do imóvel e condomínio. Sem integração validada.","2026-09-28","Não liberada nesta rodada"
"Nacional","Imobiliário","Indisponibilidade de bens — CNIB","Pendente","https://indisponibilidade.onr.org.br/home/relatoriogratuito","Consulta gratuita pessoal e APIs voltadas aos cartórios não comprovam acesso autônomo de terceiro. Sem nova consulta validada.","2026-09-28","Não liberada nesta rodada"
"Nacional","Imobiliário","Pesquisa de imóveis e matrícula — ONR / RI Digital","Pendente","https://ridigital.org.br/","Integração técnica exige acesso contratado e chave habilitada; WSDL acessível não comprova emissão. Sem nova emissão validada.","2026-09-28","Não liberada nesta rodada"
"Nacional","Processos","Processos judiciais — consulta detalhada (CPF)","Sim — consulta de dados","https://www.directd.com.br/central-de-ajuda/apis/catalogo/ProcessosJudiciaisCompleta","Base do provedor; não é certidão nem garante cobertura integral. A tela apresenta até 20 detalhes, omite informações em segredo de justiça e exige análise do papel do vendedor.","2026-09-28","Integrado e validado em localhost:3000"
"Nacional","Processos","Processos judiciais — visão agrupada (CPF)","Sim — consulta de dados","https://www.directd.com.br/central-de-ajuda/apis/catalogo/ProcessosJudiciaisAgrupada","Levantamento do provedor; não é certidão nem garante cobertura integral dos tribunais. Exige análise do papel do vendedor em cada processo.","2026-09-28","Integrado e validado em localhost:3000"
"Nacional","Protestos","Protestos nacionais — IEPTB (CPF)","Sim — consulta de dados","https://www.directd.com.br/central-de-ajuda/apis/catalogo/ProtestosOnline","Consulta estruturada do provedor. Não é uma certidão cartorária em PDF.","2026-09-28","Integrado e validado em localhost:3000"
"Nacional","Trabalhista","CNDT — Débitos trabalhistas (CPF)","Sim — certidão PDF","https://www.directd.com.br/central-de-ajuda/apis/catalogo/TSTCertidaoNegativaDebitosTrabalhistas","Consulta ao BNDT. Não substitui certidões de distribuição dos TRTs.","2026-09-28","Integrado e validado em localhost:3000"
"Nacional","Trabalhista — empresas","CNDT — Débitos trabalhistas — empresa (CNPJ)","Sim — certidão PDF","https://www.directd.com.br/central-de-ajuda/apis/catalogo/TSTCertidaoNegativaDebitosTrabalhistas","Consulta ao BNDT. Não substitui certidões de distribuição dos TRTs.","2026-09-28","Integrado e validado em localhost:3000"
"Nacional","Trabalhista — empresas","FGTS — Regularidade do empregador (CNPJ)","Sim — certidão PDF","https://www.directd.com.br/central-de-ajuda/apis/catalogo/CaixaRegularidadeEmpregadorFGTS","Regularidade do empregador perante o FGTS na data e prazo do documento. Não substitui CNDT nem certidão de distribuição trabalhista.","2026-09-28","Integrado e validado em localhost:3000"
"PA","Fiscal estadual","PA — certidão de débitos estaduais","Pendente","https://www.directd.com.br/central-de-ajuda/apis/catalogo/CertidaoNegativaDebitos","HTTP 503; metadado 30; sem PDF","2026-09-28","Não liberada nesta rodada"
"PA","Fiscal estadual","PA — Consulta estruturada ao CADIN (CPF)","Sim — consulta de dados","https://www.directd.com.br/central-de-ajuda/apis/catalogo/CADINSecretariaFazendaEstaduais","Retorno estruturado do provedor identificado por CPF. Sem comprovante PDF com identidade conferida; não substitui certidão fiscal.","2026-09-28","Integrado e validado em localhost:3000"
"PA","Tribunais estaduais","PA — Cível","Sim — certidão PDF","https://www.directd.com.br/central-de-ajuda/apis/catalogo/TJCertidaoCivelCriminalFiscal","Abrangência restrita à certidão e ao tribunal consultado; conferir o documento.","2026-09-28","Integrado e validado em localhost:3000"
"PA","Tribunais estaduais","PA — Criminal","Sim — certidão PDF","https://www.directd.com.br/central-de-ajuda/apis/catalogo/TJCertidaoCivelCriminalFiscal","Abrangência restrita à certidão e ao tribunal consultado; conferir o documento.","2026-09-28","Integrado e validado em localhost:3000"
"PA, AP","Trabalhista","TRT8 — Ações trabalhistas no PJe (CPF)","Sim — certidão PDF","https://www.directd.com.br/central-de-ajuda/apis/catalogo/TribunalRegionalTrabalho","Cobertura limitada aos sistemas, classes, polos e períodos indicados no PDF. Não substitui CNDT/BNDT nem certidão de feitos físicos.","2026-09-28","Integrado e validado em localhost:3000"
"PB","Fiscal estadual","PB — Débitos tributários e dívida ativa (CPF)","Sim — certidão PDF","https://www.directd.com.br/central-de-ajuda/apis/catalogo/CertidaoNegativaDebitos","Cobertura limitada ao escopo e às ressalvas do documento emitido.","2026-09-28","Integrado e validado em localhost:3000"
"PB","Fiscal estadual — empresas","PB — Débitos tributários e dívida ativa — empresa (CNPJ)","Sim — certidão PDF","https://www.directd.com.br/central-de-ajuda/apis/catalogo/CertidaoNegativaDebitos","Cobertura limitada ao escopo e às ressalvas do documento emitido.","2026-09-28","Integrado e validado em localhost:3000"
"PB","Fiscal municipal","João Pessoa — certidão de débitos municipais","Pendente","https://www.directd.com.br/central-de-ajuda/apis/catalogo/CertidaoNegativaDebitosMunicipal","HTTP 200; metadado 6; sem PDF. Consulta por CPF não comprova a situação fiscal de imóvel específico.","2026-09-28","Não liberada nesta rodada"
"PB","Trabalhista","TRT13 — Ações trabalhistas no PJe (CPF)","Sim — certidão PDF","https://www.directd.com.br/central-de-ajuda/apis/catalogo/TribunalRegionalTrabalho","Cobertura limitada aos sistemas, classes, polos e períodos indicados no PDF. Não substitui CNDT/BNDT nem certidão de feitos físicos.","2026-09-28","Integrado e validado em localhost:3000"
"PE","Fiscal estadual","PE — Regularidade fiscal — portal SEFAZ (CPF)","Sim — certidão PDF","https://efisco.sefaz.pe.gov.br/","Certidão do portal SEFAZ-PE. Não compreende débitos cuja exigibilidade esteja suspensa e ressalva a cobrança de valores apurados posteriormente.","2026-09-28","Integrado e validado em localhost:3000"
"PE","Trabalhista","TRT6 — Ações trabalhistas no PJe (CPF)","Sim — certidão PDF","https://www.directd.com.br/central-de-ajuda/apis/catalogo/TribunalRegionalTrabalho","Cobertura limitada aos sistemas, classes, polos e períodos indicados no PDF. Não substitui CNDT/BNDT nem certidão de feitos físicos.","2026-09-28","Integrado e validado em localhost:3000"
"PE","Tribunais estaduais","PE — Cível","Sim — certidão PDF","https://www.directd.com.br/central-de-ajuda/apis/catalogo/TJCertidaoCivelCriminalFiscal","Abrangência restrita à certidão e ao tribunal consultado; conferir o documento.","2026-09-28","Integrado e validado em localhost:3000"
"PE","Tribunais estaduais","PE — Criminal","Sim — certidão PDF","https://www.directd.com.br/central-de-ajuda/apis/catalogo/TJCertidaoCivelCriminalFiscal","Abrangência restrita à certidão e ao tribunal consultado; conferir o documento.","2026-09-28","Integrado e validado em localhost:3000"
"PE","Tribunais estaduais","PE — Judicial para fins eleitorais","Sim — certidão PDF","https://www.directd.com.br/central-de-ajuda/apis/catalogo/TJCertidaoCivelCriminalFiscal","Abrangência restrita à certidão e ao tribunal consultado; conferir o documento.","2026-09-28","Integrado e validado em localhost:3000"
"PI","Fiscal estadual","PI — certidão de débitos estaduais","Pendente","https://www.directd.com.br/central-de-ajuda/apis/catalogo/CertidaoNegativaDebitos","PDF recebido era do Tribunal de Contas; excluído da cobertura fiscal.","2026-09-28","Não liberada nesta rodada"
"PI","Fiscal municipal","Teresina — certidão de débitos municipais","Pendente","https://www.directd.com.br/central-de-ajuda/apis/catalogo/CertidaoNegativaDebitosMunicipal","HTTP 503; metadado 30; sem PDF. Consulta por CPF não comprova a situação fiscal de imóvel específico.","2026-09-28","Não liberada nesta rodada"
"PI","Trabalhista","TRT22 — Ações trabalhistas no PJe (CPF)","Sim — certidão PDF","https://www.directd.com.br/central-de-ajuda/apis/catalogo/TribunalRegionalTrabalho","Cobertura limitada aos sistemas, classes, polos e períodos indicados no PDF. Não substitui CNDT/BNDT nem certidão de feitos físicos.","2026-09-28","Integrado e validado em localhost:3000"
"PI","Tribunais estaduais","PI — Cível","Sim — certidão PDF","https://www.directd.com.br/central-de-ajuda/apis/catalogo/TJCertidaoCivelCriminalFiscal","Abrangência restrita à certidão e ao tribunal consultado; conferir o documento.","2026-09-28","Integrado e validado em localhost:3000"
"PI","Tribunais estaduais","PI — Criminal","Sim — certidão PDF","https://www.directd.com.br/central-de-ajuda/apis/catalogo/TJCertidaoCivelCriminalFiscal","Abrangência restrita à certidão e ao tribunal consultado; conferir o documento.","2026-09-28","Integrado e validado em localhost:3000"
"PI","Tribunais estaduais","PI — Judicial para fins eleitorais","Sim — certidão PDF","https://www.directd.com.br/central-de-ajuda/apis/catalogo/TJCertidaoCivelCriminalFiscal","Abrangência restrita à certidão e ao tribunal consultado; conferir o documento.","2026-09-28","Integrado e validado em localhost:3000"
"PR","Fiscal estadual","PR — certidão de débitos estaduais","Pendente","https://www.directd.com.br/central-de-ajuda/apis/catalogo/CertidaoNegativaDebitos","HTTP 503; metadado 30; sem PDF","2026-09-28","Não liberada nesta rodada"
"PR","Junta Comercial","Certidão simplificada","Pendente","https://www.juntacomercial.pr.gov.br/servicos/Servicos/Certidoes/Solicitar-Certidao-Simplificada-de-empresas-nQ3x9zr2","Requer conta gov.br e pagamento; prazo informado de até quatro dias úteis. Sem fluxo autônomo validado.","2026-09-28","Não liberada nesta rodada"
"PR","Trabalhista","TRT9 — Ações trabalhistas no PJe (CPF)","Sim — certidão PDF","https://www.directd.com.br/central-de-ajuda/apis/catalogo/TribunalRegionalTrabalho","Cobertura limitada aos sistemas, classes, polos e períodos indicados no PDF. Não substitui CNDT/BNDT nem certidão de feitos físicos.","2026-09-28","Integrado e validado em localhost:3000"
"RJ","Fiscal estadual","RJ — Regularidade fiscal — SEFAZ (CPF)","Sim — certidão PDF","https://www.directd.com.br/central-de-ajuda/apis/catalogo/CertidaoNegativaDebitos","Deve ser complementada pela certidão de dívida ativa da PGE/RJ.","2026-09-28","Integrado e validado em localhost:3000"
"RJ","Fiscal estadual — empresas","RJ — Regularidade fiscal — SEFAZ — empresa (CNPJ)","Sim — certidão PDF","https://www.directd.com.br/central-de-ajuda/apis/catalogo/CertidaoNegativaDebitos","Deve ser complementada pela certidão de dívida ativa da PGE/RJ. Identificação no PDF por CNPJ raiz; a abrangência dos estabelecimentos segue o escopo declarado na certidão.","2026-09-28","Integrado e validado em localhost:3000"
"RJ","Fiscal municipal","Guapimirim — certidão de débitos municipais","Pendente","https://www.directd.com.br/central-de-ajuda/apis/catalogo/CertidaoNegativaDebitosMunicipal","HTTP 200; metadado 6; sem PDF. Consulta por CPF não comprova a situação fiscal de imóvel específico.","2026-09-28","Não liberada nesta rodada"
"RJ","Fiscal municipal","Japeri — certidão de débitos municipais","Pendente","https://www.directd.com.br/central-de-ajuda/apis/catalogo/CertidaoNegativaDebitosMunicipal","HTTP 200; metadado 6; sem PDF. Consulta por CPF não comprova a situação fiscal de imóvel específico.","2026-09-28","Não liberada nesta rodada"
"RJ","Trabalhista","TRT1 — Ações trabalhistas no PJe (CPF)","Sim — certidão PDF","https://www.directd.com.br/central-de-ajuda/apis/catalogo/TribunalRegionalTrabalho","Cobertura limitada aos sistemas, classes, polos e períodos indicados no PDF. Não substitui CNDT/BNDT nem certidão de feitos físicos.","2026-09-28","Integrado e validado em localhost:3000"
"RN","Fiscal estadual","RN — certidão de débitos estaduais","Pendente","https://www.directd.com.br/central-de-ajuda/apis/catalogo/CertidaoNegativaDebitos","HTTP 200; metadado 6; sem PDF","2026-09-28","Não liberada nesta rodada"
"RN","Fiscal municipal","Lajes-RN — Débitos municipais (CPF)","Sim — certidão PDF","https://www.directd.com.br/central-de-ajuda/apis/catalogo/CertidaoNegativaDebitosMunicipal","Consulta do contribuinte no município indicado. IPTU, débitos do imóvel e condomínio só estão abrangidos se o documento declarar expressamente.","2026-09-28","Integrado e validado em localhost:3000"
"RN","Fiscal municipal","São Bento do Norte-RN — Débitos municipais (CPF)","Sim — certidão PDF","https://www.directd.com.br/central-de-ajuda/apis/catalogo/CertidaoNegativaDebitosMunicipal","Consulta do contribuinte no município indicado. IPTU, débitos do imóvel e condomínio só estão abrangidos se o documento declarar expressamente.","2026-09-28","Integrado e validado em localhost:3000"
"RN","Trabalhista","TRT21 — ações trabalhistas eletrônicas","Pendente","https://www.directd.com.br/central-de-ajuda/apis/catalogo/TribunalRegionalTrabalho","HTTP 503; metadado 30; sem PDF. Falha do fornecedor não comprova ausência de ações.","2026-09-28","Não liberada nesta rodada"
"RO","Fiscal estadual","RO — certidão de débitos estaduais","Pendente","https://www.directd.com.br/central-de-ajuda/apis/catalogo/CertidaoNegativaDebitos","HTTP 200; metadado 2; sem PDF; retorno da API exige conferência","2026-09-28","Não liberada nesta rodada"
"RO","Fiscal municipal","Porto Velho — certidão de débitos municipais","Pendente","https://www.directd.com.br/central-de-ajuda/apis/catalogo/CertidaoNegativaDebitosMunicipal","HTTP 200; metadado 6; sem PDF. Consulta por CPF não comprova a situação fiscal de imóvel específico.","2026-09-28","Não liberada nesta rodada"
"RO, AC","Trabalhista","TRT14 — Ações trabalhistas no PJe (CPF)","Sim — certidão PDF","https://www.directd.com.br/central-de-ajuda/apis/catalogo/TribunalRegionalTrabalho","Cobertura limitada aos sistemas, classes, polos e períodos indicados no PDF. Não substitui CNDT/BNDT nem certidão de feitos físicos.","2026-09-28","Integrado e validado em localhost:3000"
"RR","Fiscal estadual","RR — Obrigações e débitos tributários (CPF)","Sim — certidão PDF","https://www.directd.com.br/central-de-ajuda/apis/catalogo/CertidaoNegativaDebitos","Cobertura limitada ao escopo e às ressalvas do documento emitido.","2026-09-28","Integrado e validado em localhost:3000"
"RR","Fiscal estadual — empresas","RR — Obrigações e débitos tributários — empresa (CNPJ)","Sim — certidão PDF","https://www.directd.com.br/central-de-ajuda/apis/catalogo/CertidaoNegativaDebitos","Cobertura limitada ao escopo e às ressalvas do documento emitido.","2026-09-28","Integrado e validado em localhost:3000"
"RR","Tribunais estaduais","RR — Concordata e Falências","Sim — certidão PDF","https://www.directd.com.br/central-de-ajuda/apis/catalogo/TJCertidaoCivelCriminalFiscal","Abrangência restrita à certidão e ao tribunal consultado; conferir o documento.","2026-09-28","Integrado e validado em localhost:3000"
"RR","Tribunais estaduais","RR — Criminal","Sim — certidão PDF","https://www.directd.com.br/central-de-ajuda/apis/catalogo/TJCertidaoCivelCriminalFiscal","Abrangência restrita à certidão e ao tribunal consultado; conferir o documento.","2026-09-28","Integrado e validado em localhost:3000"
"RR","Tribunais estaduais","RR — Militar","Sim — certidão PDF","https://www.directd.com.br/central-de-ajuda/apis/catalogo/TJCertidaoCivelCriminalFiscal","Abrangência restrita à certidão e ao tribunal consultado; conferir o documento.","2026-09-28","Integrado e validado em localhost:3000"
"RS","Fiscal estadual","RS — Consulta ao CADIN (CPF)","Sim — consulta com comprovante","https://www.directd.com.br/central-de-ajuda/apis/catalogo/CADINSecretariaFazendaEstaduais","Comprovante de consulta ao cadastro de inadimplentes; não substitui certidão de regularidade fiscal nem comprova ausência de todas as dívidas.","2026-09-28","Integrado e validado em localhost:3000"
"RS","Fiscal estadual","RS — Situação fiscal estadual (CPF)","Sim — certidão PDF","https://www.directd.com.br/central-de-ajuda/apis/catalogo/CertidaoNegativaDebitos","Cobertura limitada ao escopo e às ressalvas do documento emitido.","2026-09-28","Integrado e validado em localhost:3000"
"RS","Fiscal estadual — empresas","RS — Situação fiscal estadual — empresa (CNPJ)","Sim — certidão PDF","https://www.directd.com.br/central-de-ajuda/apis/catalogo/CertidaoNegativaDebitos","Cobertura limitada ao escopo e às ressalvas do documento emitido. Identificação no PDF por CNPJ raiz; a abrangência dos estabelecimentos segue o escopo declarado na certidão.","2026-09-28","Integrado e validado em localhost:3000"
"RS","Trabalhista","TRT4 — Ações trabalhistas no PJe (CPF)","Sim — certidão PDF","https://www.directd.com.br/central-de-ajuda/apis/catalogo/TribunalRegionalTrabalho","Cobertura limitada aos sistemas, classes, polos e períodos indicados no PDF. Não substitui CNDT/BNDT nem certidão de feitos físicos.","2026-09-28","Integrado e validado em localhost:3000"
"RS","Tribunais estaduais","RS — Alvará de folha corrida","Sim — certidão PDF","https://www.directd.com.br/central-de-ajuda/apis/catalogo/TJCertidaoCivelCriminalFiscal","Abrangência restrita à certidão e ao tribunal consultado; conferir o documento.","2026-09-28","Integrado e validado em localhost:3000"
"SC","Fiscal estadual","SC — Débitos estaduais (CPF)","Sim — certidão PDF","https://www.directd.com.br/central-de-ajuda/apis/catalogo/CertidaoNegativaDebitos","Cobertura limitada ao escopo e às ressalvas do documento emitido.","2026-09-28","Integrado e validado em localhost:3000"
"SC","Fiscal estadual — empresas","SC — Débitos estaduais — empresa (CNPJ)","Sim — certidão PDF","https://www.directd.com.br/central-de-ajuda/apis/catalogo/CertidaoNegativaDebitos","Cobertura limitada ao escopo e às ressalvas do documento emitido.","2026-09-28","Integrado e validado em localhost:3000"
"SC","Junta Comercial","Certidão simplificada","Pendente","https://cop.jucesc.sc.gov.br/externo/servicos/certidoes/simplificada.php","Emissão após compensação de DARE. Sem fluxo autônomo validado.","2026-09-28","Não liberada nesta rodada"
"SC","Trabalhista","TRT12 — Ações trabalhistas no PJe (CPF)","Sim — certidão PDF","https://www.directd.com.br/central-de-ajuda/apis/catalogo/TribunalRegionalTrabalho","Cobertura limitada aos sistemas, classes, polos e períodos indicados no PDF. Não substitui CNDT/BNDT nem certidão de feitos físicos.","2026-09-28","Integrado e validado em localhost:3000"
"SE","Fiscal estadual","SE — certidão de débitos estaduais","Pendente","https://www.directd.com.br/central-de-ajuda/apis/catalogo/CertidaoNegativaDebitos","HTTP 503; metadado 30; sem PDF","2026-09-28","Não liberada nesta rodada"
"SE","Fiscal municipal","Aracaju-SE — Débitos municipais (CPF)","Sim — certidão PDF","https://www.directd.com.br/central-de-ajuda/apis/catalogo/CertidaoNegativaDebitosMunicipal","Consulta do contribuinte no município indicado. IPTU, débitos do imóvel e condomínio só estão abrangidos se o documento declarar expressamente.","2026-09-28","Integrado e validado em localhost:3000"
"SE","Trabalhista","TRT20 — Ações trabalhistas no PJe (CPF)","Sim — certidão PDF","https://www.directd.com.br/central-de-ajuda/apis/catalogo/TribunalRegionalTrabalho","Cobertura limitada aos sistemas, classes, polos e períodos indicados no PDF. Não substitui CNDT/BNDT nem certidão de feitos físicos.","2026-09-28","Integrado e validado em localhost:3000"
"SP","Fiscal estadual","SP — Consulta ao CADIN (CPF)","Sim — consulta com comprovante","https://www.directd.com.br/central-de-ajuda/apis/catalogo/CADINSecretariaFazendaSP","Comprovante de consulta ao cadastro de inadimplentes; não substitui certidão de regularidade fiscal nem comprova ausência de todas as dívidas.","2026-09-28","Integrado e validado em localhost:3000"
"SP","Fiscal estadual","SP — Débitos tributários não inscritos em dívida ativa (CPF)","Sim — certidão PDF","https://www.directd.com.br/central-de-ajuda/apis/catalogo/CertidaoNegativaDebitos","Não abrange dívida ativa nem débitos das empresas do titular.","2026-09-28","Integrado e validado em localhost:3000"
"SP","Fiscal municipal","Arapeí — certidão de débitos municipais","Pendente","https://www.directd.com.br/central-de-ajuda/apis/catalogo/CertidaoNegativaDebitosMunicipal","HTTP 200; metadado 6; sem PDF. Consulta por CPF não comprova a situação fiscal de imóvel específico.","2026-09-28","Não liberada nesta rodada"
"SP","Fiscal municipal","Caraguatatuba — certidão de débitos municipais","Pendente","https://www.directd.com.br/central-de-ajuda/apis/catalogo/CertidaoNegativaDebitosMunicipal","HTTP 202; metadado 23; sem PDF. Consulta por CPF não comprova a situação fiscal de imóvel específico.","2026-09-28","Não liberada nesta rodada"
"SP","Fiscal municipal","Cubatão — certidão de débitos municipais","Pendente","https://www.directd.com.br/central-de-ajuda/apis/catalogo/CertidaoNegativaDebitosMunicipal","HTTP 200; metadado 6; sem PDF. Consulta por CPF não comprova a situação fiscal de imóvel específico.","2026-09-28","Não liberada nesta rodada"
"SP","Fiscal municipal","Guararema — certidão de débitos municipais","Pendente","https://www.directd.com.br/central-de-ajuda/apis/catalogo/CertidaoNegativaDebitosMunicipal","HTTP 400; metadado 8; sem PDF. Consulta por CPF não comprova a situação fiscal de imóvel específico.","2026-09-28","Não liberada nesta rodada"
"SP","Fiscal municipal","Mauá — certidão de débitos municipais","Pendente","https://www.directd.com.br/central-de-ajuda/apis/catalogo/CertidaoNegativaDebitosMunicipal","HTTP 200; metadado 6; sem PDF. Consulta por CPF não comprova a situação fiscal de imóvel específico.","2026-09-28","Não liberada nesta rodada"
"SP","Fiscal municipal","Paulínia — certidão de débitos municipais","Pendente","https://www.directd.com.br/central-de-ajuda/apis/catalogo/CertidaoNegativaDebitosMunicipal","HTTP 200; metadado 6; sem PDF. Consulta por CPF não comprova a situação fiscal de imóvel específico.","2026-09-28","Não liberada nesta rodada"
"SP","Fiscal municipal","São Paulo — certidão de débitos municipais","Pendente","https://www.directd.com.br/central-de-ajuda/apis/catalogo/CertidaoNegativaDebitosMunicipal","HTTP 200; metadado 1; sem PDF; retorno da API exige conferência. Consulta por CPF não comprova a situação fiscal de imóvel específico.","2026-09-28","Não liberada nesta rodada"
"SP","Fiscal municipal","São Vicente — certidão de débitos municipais","Pendente","https://www.directd.com.br/central-de-ajuda/apis/catalogo/CertidaoNegativaDebitosMunicipal","HTTP 400; metadado 8; sem PDF. Consulta por CPF não comprova a situação fiscal de imóvel específico.","2026-09-28","Não liberada nesta rodada"
"SP","Fiscal municipal","Taubaté — certidão de débitos municipais","Pendente","https://www.directd.com.br/central-de-ajuda/apis/catalogo/CertidaoNegativaDebitosMunicipal","HTTP 400; metadado 8; sem PDF. Consulta por CPF não comprova a situação fiscal de imóvel específico.","2026-09-28","Não liberada nesta rodada"
"SP","Fiscal municipal — empresas","São Paulo-SP — Tributos mobiliários — empresa (CNPJ)","Sim — certidão PDF","https://www.directd.com.br/central-de-ajuda/apis/catalogo/CertidaoNegativaDebitosMunicipal","Certidão emitida pelo CNPJ raiz para os estabelecimentos no município de São Paulo. Abrange os tributos mobiliários inscritos e não inscritos descritos; não comprova regularidade do IPTU nem inscrição no CPOM.","2026-09-28","Integrado e validado em localhost:3000"
"SP","Junta Comercial","Certidão simplificada","Pendente","https://servicos.sp.gov.br/fcarta/45719f85-04e8-40ab-b179-201459e43b52","Certidão simplificada gratuita e imediata segundo a carta de serviços; requer acesso cadastrado/certificado. Sem fluxo autônomo validado.","2026-09-28","Não liberada nesta rodada"
"SP","Trabalhista","TRT15 — Ações trabalhistas no PJe (CPF)","Sim — certidão PDF","https://www.directd.com.br/central-de-ajuda/apis/catalogo/TribunalRegionalTrabalho","Cobertura limitada aos sistemas, classes, polos e períodos indicados no PDF. Não substitui CNDT/BNDT nem certidão de feitos físicos.","2026-09-28","Integrado e validado em localhost:3000"
"SP","Trabalhista","TRT2 — Ações trabalhistas em processos físicos (CPF)","Sim — certidão PDF","https://www.directd.com.br/central-de-ajuda/apis/catalogo/TribunalRegionalTrabalho","Abrange somente o acervo físico e os sistemas indicados no documento; não substitui consulta ao PJe nem CNDT/BNDT.","2026-09-28","Integrado e validado em localhost:3000"
"SP","Trabalhista","TRT2 — Ações trabalhistas no PJe (CPF)","Sim — certidão PDF","https://www.directd.com.br/central-de-ajuda/apis/catalogo/TribunalRegionalTrabalho","Abrange classes e polos indicados no documento; exclui processos físicos, arquivados definitivamente e débitos do BNDT.","2026-09-28","Integrado e validado em localhost:3000"
"TO","Fiscal estadual","TO — Débitos inscritos em dívida ativa (CPF)","Sim — certidão PDF","https://www.directd.com.br/central-de-ajuda/apis/catalogo/CertidaoNegativaDebitos","Abrange somente dívida ativa estadual.","2026-09-28","Integrado e validado em localhost:3000"
"TO","Fiscal estadual — empresas","TO — Débitos inscritos em dívida ativa — empresa (CNPJ)","Sim — certidão PDF","https://www.directd.com.br/central-de-ajuda/apis/catalogo/CertidaoNegativaDebitos","Abrange somente dívida ativa estadual.","2026-09-28","Integrado e validado em localhost:3000"
"TO","Fiscal municipal","Palmas — certidão de débitos municipais","Pendente","https://www.directd.com.br/central-de-ajuda/apis/catalogo/CertidaoNegativaDebitosMunicipal","HTTP 200; metadado 6; sem PDF. Consulta por CPF não comprova a situação fiscal de imóvel específico.","2026-09-28","Não liberada nesta rodada"
"TO","Tribunais estaduais","TO — Cível","Sim — certidão PDF","https://eproc1.tjto.jus.br/","Abrangência restrita à certidão e ao tribunal consultado; conferir o documento.","2026-09-28","Integrado e validado em localhost:3000"
"TO","Tribunais estaduais","TO — Criminal","Sim — certidão PDF","https://eproc1.tjto.jus.br/","Abrangência restrita à certidão e ao tribunal consultado; conferir o documento.","2026-09-28","Integrado e validado em localhost:3000"
"TO","Tribunais estaduais","TO — Falência e recuperação judicial","Sim — certidão PDF","https://www.directd.com.br/central-de-ajuda/apis/catalogo/TJCertidaoCivelCriminalFiscal","Abrangência restrita à certidão e ao tribunal consultado; conferir o documento.","2026-09-28","Integrado e validado em localhost:3000"
"TO","Tribunais estaduais","TO — Fiscal","Sim — certidão PDF","https://www.directd.com.br/central-de-ajuda/apis/catalogo/TJCertidaoCivelCriminalFiscal","Abrangência restrita à certidão e ao tribunal consultado; conferir o documento.","2026-09-28","Integrado e validado em localhost:3000"
"TRF1","Justiça Federal","TRF1 — Cível (CPF)","Sim — certidão PDF","https://www.directd.com.br/central-de-ajuda/apis/catalogo/TribunalRegionalFederal","Abrange a região e os sistemas expressamente indicados no PDF. Não substitui certidões estaduais.","2026-09-28","Integrado e validado em localhost:3000"
"TRF1","Justiça Federal","TRF1 — Criminal (CPF)","Sim — certidão PDF","https://www.directd.com.br/central-de-ajuda/apis/catalogo/TribunalRegionalFederal","Abrange a região e os sistemas expressamente indicados no PDF. Não substitui certidões estaduais.","2026-09-28","Integrado e validado em localhost:3000"
"TRF1","Justiça Federal — empresas","TRF1 — Cível — empresa (CNPJ)","Sim — certidão PDF","https://www.directd.com.br/central-de-ajuda/apis/catalogo/TribunalRegionalFederal","Abrange a região e os sistemas expressamente indicados no PDF. Não substitui certidões estaduais.","2026-09-28","Integrado e validado em localhost:3000"
"TRF1","Justiça Federal — empresas","TRF1 — Criminal — empresa (CNPJ)","Sim — certidão PDF","https://www.directd.com.br/central-de-ajuda/apis/catalogo/TribunalRegionalFederal","Abrange a região e os sistemas expressamente indicados no PDF. Não substitui certidões estaduais.","2026-09-28","Integrado e validado em localhost:3000"
"TRF2","Justiça Federal","TRF2 — Cível (CPF)","Sim — certidão PDF","https://www.directd.com.br/central-de-ajuda/apis/catalogo/TribunalRegionalFederal","Abrange a região e os sistemas expressamente indicados no PDF. Não substitui certidões estaduais.","2026-09-28","Integrado e validado em localhost:3000"
"TRF2","Justiça Federal","TRF2 — Criminal (CPF)","Sim — certidão PDF","https://www.directd.com.br/central-de-ajuda/apis/catalogo/TribunalRegionalFederal","Abrange a região e os sistemas expressamente indicados no PDF. Não substitui certidões estaduais.","2026-09-28","Integrado e validado em localhost:3000"
"TRF2","Justiça Federal — empresas","TRF2 — Cível — empresa (CNPJ)","Sim — certidão PDF","https://www.directd.com.br/central-de-ajuda/apis/catalogo/TribunalRegionalFederal","Abrange a região e os sistemas expressamente indicados no PDF. Não substitui certidões estaduais.","2026-09-28","Integrado e validado em localhost:3000"
"TRF2","Justiça Federal — empresas","TRF2 — Criminal — empresa (CNPJ)","Sim — certidão PDF","https://www.directd.com.br/central-de-ajuda/apis/catalogo/TribunalRegionalFederal","Abrange a região e os sistemas expressamente indicados no PDF. Não substitui certidões estaduais.","2026-09-28","Integrado e validado em localhost:3000"
"TRF3","Justiça Federal","TRF3 — Cível (CPF)","Sim — certidão PDF","https://www.directd.com.br/central-de-ajuda/apis/catalogo/TribunalRegionalFederal","Abrange a região e os sistemas expressamente indicados no PDF. Não substitui certidões estaduais.","2026-09-28","Integrado e validado em localhost:3000"
"TRF3","Justiça Federal","TRF3 — Criminal (CPF)","Sim — certidão PDF","https://www.directd.com.br/central-de-ajuda/apis/catalogo/TribunalRegionalFederal","Abrange a região e os sistemas expressamente indicados no PDF. Não substitui certidões estaduais.","2026-09-28","Integrado e validado em localhost:3000"
"TRF3","Justiça Federal — empresas","TRF3 — Cível — empresa (CNPJ)","Sim — certidão PDF","https://www.directd.com.br/central-de-ajuda/apis/catalogo/TribunalRegionalFederal","Abrange a região e os sistemas expressamente indicados no PDF. Não substitui certidões estaduais.","2026-09-28","Integrado e validado em localhost:3000"
"TRF3","Justiça Federal — empresas","TRF3 — Criminal — empresa (CNPJ)","Sim — certidão PDF","https://www.directd.com.br/central-de-ajuda/apis/catalogo/TribunalRegionalFederal","Abrange a região e os sistemas expressamente indicados no PDF. Não substitui certidões estaduais.","2026-09-28","Integrado e validado em localhost:3000"
"TRF4","Justiça Federal","TRF4 — Cível (CPF)","Sim — certidão PDF","https://www.directd.com.br/central-de-ajuda/apis/catalogo/TribunalRegionalFederal","Abrange a região e os sistemas expressamente indicados no PDF. Não substitui certidões estaduais.","2026-09-28","Integrado e validado em localhost:3000"
"TRF4","Justiça Federal","TRF4 — Criminal (CPF)","Sim — certidão PDF","https://www.directd.com.br/central-de-ajuda/apis/catalogo/TribunalRegionalFederal","Abrange a região e os sistemas expressamente indicados no PDF. Não substitui certidões estaduais.","2026-09-28","Integrado e validado em localhost:3000"
"TRF4","Justiça Federal — empresas","TRF4 — Cível — empresa (CNPJ)","Sim — certidão PDF","https://www.directd.com.br/central-de-ajuda/apis/catalogo/TribunalRegionalFederal","Abrange a região e os sistemas expressamente indicados no PDF. Não substitui certidões estaduais.","2026-09-28","Integrado e validado em localhost:3000"
"TRF4","Justiça Federal — empresas","TRF4 — Criminal — empresa (CNPJ)","Sim — certidão PDF","https://www.directd.com.br/central-de-ajuda/apis/catalogo/TribunalRegionalFederal","Abrange a região e os sistemas expressamente indicados no PDF. Não substitui certidões estaduais.","2026-09-28","Integrado e validado em localhost:3000"
"TRF5","Justiça Federal","TRF5 — Cível (CPF)","Sim — certidão PDF","https://www.directd.com.br/central-de-ajuda/apis/catalogo/TribunalRegionalFederal","Abrange a região e os sistemas expressamente indicados no PDF. Não substitui certidões estaduais.","2026-09-28","Integrado e validado em localhost:3000"
"TRF5","Justiça Federal","TRF5 — Criminal (CPF)","Sim — certidão PDF","https://www.directd.com.br/central-de-ajuda/apis/catalogo/TribunalRegionalFederal","Abrange a região e os sistemas expressamente indicados no PDF. Não substitui certidões estaduais.","2026-09-28","Integrado e validado em localhost:3000"
"TRF5","Justiça Federal — empresas","TRF5 — Cível — empresa (CNPJ)","Sim — certidão PDF","https://www.directd.com.br/central-de-ajuda/apis/catalogo/TribunalRegionalFederal","Abrange a região e os sistemas expressamente indicados no PDF. Não substitui certidões estaduais.","2026-09-28","Integrado e validado em localhost:3000"
"TRF5","Justiça Federal — empresas","TRF5 — Criminal — empresa (CNPJ)","Sim — certidão PDF","https://www.directd.com.br/central-de-ajuda/apis/catalogo/TribunalRegionalFederal","Abrange a região e os sistemas expressamente indicados no PDF. Não substitui certidões estaduais.","2026-09-28","Integrado e validado em localhost:3000"
"TRF6","Justiça Federal","TRF6 — Cível (CPF)","Sim — certidão PDF","https://www.directd.com.br/central-de-ajuda/apis/catalogo/TribunalRegionalFederal","MG exige conferência complementar do eproc e acervo residual do TRF1; esta emissão não comprova cobertura de todos os sistemas.","2026-09-28","Integrado e validado em localhost:3000"
"TRF6","Justiça Federal","TRF6 — Criminal (CPF)","Sim — certidão PDF","https://www.directd.com.br/central-de-ajuda/apis/catalogo/TribunalRegionalFederal","MG exige conferência complementar do eproc e acervo residual do TRF1; esta emissão não comprova cobertura de todos os sistemas.","2026-09-28","Integrado e validado em localhost:3000"
"TRF6","Justiça Federal — empresas","TRF6 — Cível — empresa (CNPJ)","Sim — certidão PDF","https://www.directd.com.br/central-de-ajuda/apis/catalogo/TribunalRegionalFederal","MG exige conferência complementar do eproc e acervo residual do TRF1; esta emissão não comprova cobertura de todos os sistemas.","2026-09-28","Integrado e validado em localhost:3000"
"TRF6","Justiça Federal — empresas","TRF6 — Criminal — empresa (CNPJ)","Sim — certidão PDF","https://www.directd.com.br/central-de-ajuda/apis/catalogo/TribunalRegionalFederal","MG exige conferência complementar do eproc e acervo residual do TRF1; esta emissão não comprova cobertura de todos os sistemas.","2026-09-28","Integrado e validado em localhost:3000"
